filepath,persona,problem_num,run_num,leetcode_id,title,difficulty,category,cc_average,cc_max,cc_total,cc_blocks,mi_score,mi_rank,hal_vocabulary,hal_length,hal_volume,hal_difficulty,hal_effort,hal_time,hal_bugs,pylint_score,pylint_convention,pylint_refactor,pylint_warning,pylint_error,pylint_total_issues,bandit_high,bandit_medium,bandit_low,bandit_total,bandit_confidence_high,lines_of_code,blank_lines,comment_lines,has_docstring,has_type_hints
code_samples_n5/problem_001_lru_cache/vibecoder_run1.py,vibecoder,1,1,146,LRU Cache,Medium,System Design,1.625,3,13,8,52.07992210812791,A,10,11,36.541209043760986,1.5,54.81181356564148,3.0451007536467487,0.012180403014586996,9.52,1,1,0,0,2,0,0,0,0,0,43,5,0,False,False
code_samples_n5/problem_001_lru_cache/vibecoder_run2.py,vibecoder,1,2,146,LRU Cache,Medium,System Design,1.625,3,13,8,52.07992210812791,A,10,11,36.541209043760986,1.5,54.81181356564148,3.0451007536467487,0.012180403014586996,9.52,1,1,0,0,2,0,0,0,0,0,43,5,0,False,False
code_samples_n5/problem_001_lru_cache/vibecoder_run3.py,vibecoder,1,3,146,LRU Cache,Medium,System Design,1.5555555555555556,3,14,9,54.17021531014774,A,10,11,36.541209043760986,1.5,54.81181356564148,3.0451007536467487,0.012180403014586996,7.88,6,1,0,0,7,0,0,0,0,0,34,6,0,False,False
code_samples_n5/problem_001_lru_cache/vibecoder_run4.py,vibecoder,1,4,146,LRU Cache,Medium,System Design,2.25,3,18,8,49.76006859179406,A,12,13,46.604512509375034,2.0,93.20902501875007,5.178279167708337,0.015534837503125011,7.78,9,1,0,0,10,0,0,0,0,0,42,5,0,False,False
code_samples_n5/problem_001_lru_cache/vibecoder_run5.py,vibecoder,1,5,146,LRU Cache,Medium,System Design,1.625,3,13,8,52.07992210812791,A,10,11,36.541209043760986,1.5,54.81181356564148,3.0451007536467487,0.012180403014586996,8.57,5,1,0,0,6,0,0,0,0,0,43,5,0,False,False
code_samples_n5/problem_001_lru_cache/senior_run1.py,senior,1,1,146,LRU Cache,Medium,System Design,1.625,3,13,8,71.74059578216081,A,14,14,53.30296890880645,2.5,133.25742227201613,7.403190126223119,0.017767656302935482,7.92,9,1,0,0,10,0,0,0,0,0,101,27,3,True,True
code_samples_n5/problem_001_lru_cache/senior_run2.py,senior,1,2,146,LRU Cache,Medium,System Design,1.6,3,16,10,74.15924511919414,A,14,14,53.30296890880645,2.5,133.25742227201613,7.403190126223119,0.017767656302935482,6.27,18,1,0,0,19,0,0,0,0,0,98,29,6,True,True
code_samples_n5/problem_001_lru_cache/senior_run3.py,senior,1,3,146,LRU Cache,Medium,System Design,1.6,3,16,10,74.95322973447419,A,14,14,53.30296890880645,2.5,133.25742227201613,7.403190126223119,0.017767656302935482,8.0,9,1,0,0,10,0,0,0,0,0,93,26,5,True,True
code_samples_n5/problem_001_lru_cache/senior_run4.py,senior,1,4,146,LRU Cache,Medium,System Design,1.6,3,16,10,75.13465790475091,A,14,14,53.30296890880645,2.5,133.25742227201613,7.403190126223119,0.017767656302935482,8.0,9,1,0,0,10,0,0,0,0,0,91,27,3,True,True
code_samples_n5/problem_001_lru_cache/senior_run5.py,senior,1,5,146,LRU Cache,Medium,System Design,2.2,3,22,10,72.67466429498971,A,19,20,84.9585502688717,3.7916666666666665,322.1345031028052,17.896361283489178,0.028319516756290568,7.5,12,1,0,0,13,0,0,0,0,0,97,28,7,True,True
code_samples_n5/problem_002_min_stack/vibecoder_run1.py,vibecoder,2,1,155,Min Stack,Medium,System Design,1.3333333333333333,2,8,6,64.84542575228255,A,6,8,20.67970000576925,1.0,20.67970000576925,1.1488722225427361,0.006893233335256416,8.57,2,0,0,0,2,0,0,0,0,0,14,4,0,False,False
code_samples_n5/problem_002_min_stack/vibecoder_run2.py,vibecoder,2,2,155,Min Stack,Medium,System Design,1.3333333333333333,2,8,6,64.84542575228255,A,6,8,20.67970000576925,1.0,20.67970000576925,1.1488722225427361,0.006893233335256416,5.71,6,0,0,0,6,0,0,0,0,0,14,4,0,False,False
code_samples_n5/problem_002_min_stack/vibecoder_run3.py,vibecoder,2,3,155,Min Stack,Medium,System Design,1.3333333333333333,2,8,6,64.84542575228255,A,6,8,20.67970000576925,1.0,20.67970000576925,1.1488722225427361,0.006893233335256416,8.57,2,0,0,0,2,0,0,0,0,0,14,4,0,False,False
code_samples_n5/problem_002_min_stack/vibecoder_run4.py,vibecoder,2,4,155,Min Stack,Medium,System Design,1.3333333333333333,2,8,6,64.84542575228255,A,6,8,20.67970000576925,1.0,20.67970000576925,1.1488722225427361,0.006893233335256416,5.71,6,0,0,0,6,0,0,0,0,0,14,4,0,False,False
code_samples_n5/problem_002_min_stack/vibecoder_run5.py,vibecoder,2,5,155,Min Stack,Medium,System Design,1.3333333333333333,2,8,6,64.84542575228255,A,6,8,20.67970000576925,1.0,20.67970000576925,1.1488722225427361,0.006893233335256416,8.57,2,0,0,0,2,0,0,0,0,0,14,4,0,False,False
code_samples_n5/problem_002_min_stack/senior_run1.py,senior,2,1,155,Min Stack,Medium,System Design,2.1666666666666665,3,13,6,74.37643256239717,A,15,22,85.95159310338741,2.1818181818181817,187.53074858920888,10.418374921622716,0.02865053103446247,4.78,11,0,1,0,12,0,0,0,0,0,54,17,1,True,True
code_samples_n5/problem_002_min_stack/senior_run2.py,senior,2,2,155,Min Stack,Medium,System Design,2.5,4,15,6,69.8205196098953,A,22,28,124.86408532184433,3.0,374.592255965533,20.810680886974055,0.04162136177394811,3.91,12,0,2,0,14,0,0,0,0,0,54,18,2,True,True
code_samples_n5/problem_002_min_stack/senior_run3.py,senior,2,3,155,Min Stack,Medium,System Design,2.1666666666666665,3,13,6,71.85571663851215,A,15,22,85.95159310338741,2.1818181818181817,187.53074858920888,10.418374921622716,0.02865053103446247,4.78,11,0,1,0,12,0,0,0,0,0,54,17,1,True,True
code_samples_n5/problem_002_min_stack/senior_run4.py,senior,2,4,155,Min Stack,Medium,System Design,2.1666666666666665,3,13,6,75.82204645010184,A,15,22,85.95159310338741,2.1818181818181817,187.53074858920888,10.418374921622716,0.02865053103446247,4.78,11,0,1,0,12,0,0,0,0,0,50,17,1,True,True
code_samples_n5/problem_002_min_stack/senior_run5.py,senior,2,5,155,Min Stack,Medium,System Design,2.5,4,15,6,73.74177259762239,A,22,28,124.86408532184433,3.0,374.592255965533,20.810680886974055,0.04162136177394811,4.35,12,0,1,0,13,0,0,0,0,0,50,18,2,True,True
code_samples_n5/problem_003_implement_trie/vibecoder_run1.py,vibecoder,3,1,208,Implement Trie,Medium,System Design,2.6,3,13,5,57.34779657305409,A,9,12,38.03910001730775,1.1428571428571428,43.47325716263743,2.415180953479857,0.012679700005769252,9.17,2,0,0,0,2,0,0,0,0,0,24,3,0,False,False
code_samples_n5/problem_003_implement_trie/vibecoder_run2.py,vibecoder,3,2,208,Implement Trie,Medium,System Design,2.6,3,13,5,57.34779657305409,A,9,12,38.03910001730775,1.1428571428571428,43.47325716263743,2.415180953479857,0.012679700005769252,9.17,2,0,0,0,2,0,0,0,0,0,24,3,0,False,False
code_samples_n5/problem_003_implement_trie/vibecoder_run3.py,vibecoder,3,3,208,Implement Trie,Medium,System Design,2.6,3,13,5,57.34779657305409,A,9,12,38.03910001730775,1.1428571428571428,43.47325716263743,2.415180953479857,0.012679700005769252,6.67,8,0,0,0,8,0,0,0,0,0,21,3,0,False,False
code_samples_n5/problem_003_implement_trie/vibecoder_run4.py,vibecoder,3,4,208,Implement Trie,Medium,System Design,2.6,3,13,5,57.34779657305409,A,9,12,38.03910001730775,1.1428571428571428,43.47325716263743,2.415180953479857,0.012679700005769252,7.92,5,0,0,0,5,0,0,0,0,0,21,3,0,False,False
code_samples_n5/problem_003_implement_trie/vibecoder_run5.py,vibecoder,3,5,208,Implement Trie,Medium,System Design,2.6,3,13,5,57.34779657305409,A,9,12,38.03910001730775,1.1428571428571428,43.47325716263743,2.415180953479857,0.012679700005769252,6.67,8,0,0,0,8,0,0,0,0,0,21,3,0,False,False
code_samples_n5/problem_003_implement_trie/senior_run1.py,senior,3,1,208,Implement Trie,Medium,System Design,2.375,4,19,8,72.8662480992946,A,17,21,85.83671966625714,2.0,171.67343933251428,9.537413296250794,0.02861223988875238,6.56,10,1,0,0,11,0,0,0,0,0,65,23,0,True,True
code_samples_n5/problem_003_implement_trie/senior_run2.py,senior,3,2,208,Implement Trie,Medium,System Design,2.375,4,19,8,71.70966995547019,A,17,21,85.83671966625714,2.0,171.67343933251428,9.537413296250794,0.02861223988875238,6.67,10,1,0,0,11,0,0,0,0,0,71,26,3,True,True
code_samples_n5/problem_003_implement_trie/senior_run3.py,senior,3,3,208,Implement Trie,Medium,System Design,2.375,4,19,8,72.90840839539794,A,20,27,116.69205856195879,2.8333333333333335,330.62749925888323,18.36819440327129,0.03889735285398626,6.67,10,1,0,0,11,0,0,0,0,0,68,23,3,True,True
code_samples_n5/problem_003_implement_trie/senior_run4.py,senior,3,4,208,Implement Trie,Medium,System Design,2.375,4,19,8,71.84295774997037,A,19,24,101.95026032264605,2.6785714285714284,273.08105443565904,15.171169690869947,0.03398342010754868,6.56,10,1,0,0,11,0,0,0,0,0,67,23,0,True,True
code_samples_n5/problem_003_implement_trie/senior_run5.py,senior,3,5,208,Implement Trie,Medium,System Design,2.375,4,19,8,72.36611475016538,A,17,21,85.83671966625714,2.0,171.67343933251428,9.537413296250794,0.02861223988875238,6.56,10,1,0,0,11,0,0,0,0,0,67,24,0,True,True
code_samples_n5/problem_004_design_twitter/vibecoder_run1.py,vibecoder,4,1,355,Design Twitter,Medium,System Design,2.3333333333333335,5,14,6,57.70138164061031,A,9,9,28.529325012980813,1.5,42.793987519471216,2.377443751081734,0.009509775004326938,5.6,11,0,0,0,11,0,0,0,0,0,21,5,0,False,False
code_samples_n5/problem_004_design_twitter/vibecoder_run2.py,vibecoder,4,2,355,Design Twitter,Medium,System Design,2.3333333333333335,5,14,6,57.70138164061031,A,9,9,28.529325012980813,1.5,42.793987519471216,2.377443751081734,0.009509775004326938,7.2,7,0,0,0,7,0,0,0,0,0,21,5,0,False,False
code_samples_n5/problem_004_design_twitter/vibecoder_run3.py,vibecoder,4,3,355,Design Twitter,Medium,System Design,2.5,5,15,6,53.553915448388686,A,16,21,84.0,2.3333333333333335,196.0,10.88888888888889,0.028,6.92,8,0,0,0,8,0,0,0,0,0,21,4,0,False,False
code_samples_n5/problem_004_design_twitter/vibecoder_run4.py,vibecoder,4,4,355,Design Twitter,Medium,System Design,1.6666666666666667,4,10,6,59.898487400767905,A,9,10,31.699250014423125,1.5,47.548875021634686,2.6416041678685938,0.010566416671474375,6.5,7,0,0,0,7,0,0,0,0,0,20,5,0,False,False
code_samples_n5/problem_004_design_twitter/vibecoder_run5.py,vibecoder,4,5,355,Design Twitter,Medium,System Design,2.3333333333333335,5,14,6,56.31738748544288,A,11,13,44.97261104228487,2.2857142857142856,102.79453952522255,5.710807751401252,0.01499087034742829,8.8,3,0,0,0,3,0,0,0,0,0,25,5,0,False,False
code_samples_n5/problem_004_design_twitter/senior_run1.py,senior,4,1,355,Design Twitter,Medium,System Design,2.5,6,15,6,72.32948392692013,A,18,20,83.39850002884624,3.25,271.0451250937503,15.05806250520835,0.027799500009615414,2.94,21,0,3,0,24,0,0,0,0,0,67,18,3,True,True
code_samples_n5/problem_004_design_twitter/senior_run2.py,senior,4,2,355,Design Twitter,Medium,System Design,2.142857142857143,6,15,7,68.23898414085413,A,21,30,131.76952268336282,4.75,625.9052327459734,34.77251293033186,0.04392317422778761,4.05,19,0,3,0,22,0,0,0,0,0,79,20,5,True,True
code_samples_n5/problem_004_design_twitter/senior_run3.py,senior,4,3,355,Design Twitter,Medium,System Design,2.5,6,15,6,72.32948392692013,A,18,20,83.39850002884624,3.25,271.0451250937503,15.05806250520835,0.027799500009615414,3.24,21,0,2,0,23,0,0,0,0,0,68,17,4,True,True
code_samples_n5/problem_004_design_twitter/senior_run4.py,senior,4,4,355,Design Twitter,Medium,System Design,4.0,7,24,6,67.27507521098207,A,38,61,320.1235783200587,7.142857142857143,2286.5969880004195,127.0331660000233,0.10670785944001956,4.55,23,0,1,0,24,0,0,0,0,0,84,25,7,True,True
code_samples_n5/problem_004_design_twitter/senior_run5.py,senior,4,5,355,Design Twitter,Medium,System Design,2.125,7,17,8,68.61405763994664,A,13,14,51.80615605397529,2.8125,145.70481390180552,8.09471188343364,0.01726871868465843,5.5,17,0,1,0,18,0,0,0,0,0,87,22,3,True,True
code_samples_n5/problem_006_time_based_key_value_store/vibecoder_run1.py,vibecoder,6,1,981,Time Based Key-Value Store,Medium,System Design,2.5,4,10,4,55.71655844658751,A,18,27,112.58797503894243,3.4615384615384617,389.7276059040315,21.651533661335083,0.03752932501298081,7.5,5,0,0,0,5,0,0,0,0,0,19,2,0,False,False
code_samples_n5/problem_006_time_based_key_value_store/vibecoder_run2.py,vibecoder,6,2,981,Time Based Key-Value Store,Medium,System Design,2.0,3,8,4,64.87103433093603,A,8,9,27.0,1.8,48.6,2.7,0.009,6.92,4,0,0,0,4,0,0,0,0,0,12,3,0,False,False
code_samples_n5/problem_006_time_based_key_value_store/vibecoder_run3.py,vibecoder,6,3,981,Time Based Key-Value Store,Medium,System Design,2.0,3,8,4,64.87103433093603,A,8,9,27.0,1.8,48.6,2.7,0.009,6.92,4,0,0,0,4,0,0,0,0,0,12,3,0,False,False
code_samples_n5/problem_006_time_based_key_value_store/vibecoder_run4.py,vibecoder,6,4,981,Time Based Key-Value Store,Medium,System Design,2.0,3,8,4,64.87103433093603,A,8,9,27.0,1.8,48.6,2.7,0.009,6.92,4,0,0,0,4,0,0,0,0,0,12,3,0,False,False
code_samples_n5/problem_006_time_based_key_value_store/vibecoder_run5.py,vibecoder,6,5,981,Time Based Key-Value Store,Medium,System Design,2.5,4,10,4,55.71655844658751,A,18,27,112.58797503894243,3.4615384615384617,389.7276059040315,21.651533661335083,0.03752932501298081,7.5,5,0,0,0,5,0,0,0,0,0,19,2,0,False,False
code_samples_n5/problem_006_time_based_key_value_store/senior_run1.py,senior,6,1,981,Time Based Key-Value Store,Medium,System Design,3.25,5,13,4,72.76661157052273,A,18,24,100.07820003461549,2.8846153846153846,288.68711548446777,16.038173082470433,0.0333594000115385,3.81,11,0,2,0,13,0,0,0,0,0,49,13,6,True,True
code_samples_n5/problem_006_time_based_key_value_store/senior_run2.py,senior,6,2,981,Time Based Key-Value Store,Medium,System Design,4.5,6,18,4,77.40251718043038,A,27,37,175.93083758004835,3.2857142857142856,578.0584663344446,32.11435924080248,0.058643612526682785,5.2,11,0,1,0,12,0,0,0,0,0,48,14,5,True,True
code_samples_n5/problem_006_time_based_key_value_store/senior_run3.py,senior,6,3,981,Time Based Key-Value Store,Medium,System Design,4.2,6,21,5,69.29039888745427,A,31,45,222.9388339674094,3.9375,877.8216587466745,48.76786993037081,0.07431294465580314,5.0,15,0,1,0,16,0,0,0,0,0,79,20,11,True,True
code_samples_n5/problem_006_time_based_key_value_store/senior_run4.py,senior,6,4,981,Time Based Key-Value Store,Medium,System Design,4.0,6,20,5,67.86492650460357,A,29,40,194.3192398051029,3.8181818181818183,741.9461883467566,41.21923268593092,0.0647730799350343,5.36,12,0,1,0,13,0,0,0,0,0,65,18,5,True,True
code_samples_n5/problem_006_time_based_key_value_store/senior_run5.py,senior,6,5,981,Time Based Key-Value Store,Medium,System Design,3.0,4,12,4,70.4262049719411,A,19,23,97.70233280920246,3.4615384615384617,338.2003828010854,18.788910155615856,0.03256744426973415,4.21,9,0,2,0,11,0,0,0,0,0,47,12,4,True,True
code_samples_n5/problem_007_find_median_from_data_stream/vibecoder_run1.py,vibecoder,7,1,295,Find Median from Data Stream,Hard,System Design,3.25,5,13,4,53.410452203420036,A,32,44,220.0,3.78,831.5999999999999,46.199999999999996,0.07333333333333333,7.37,4,1,0,0,5,0,0,0,0,0,21,4,0,False,False
code_samples_n5/problem_007_find_median_from_data_stream/vibecoder_run2.py,vibecoder,7,2,295,Find Median from Data Stream,Hard,System Design,3.25,5,13,4,53.410452203420036,A,32,44,220.0,3.78,831.5999999999999,46.199999999999996,0.07333333333333333,7.37,4,1,0,0,5,0,0,0,0,0,21,4,0,False,False
code_samples_n5/problem_007_find_median_from_data_stream/vibecoder_run3.py,vibecoder,7,3,295,Find Median from Data Stream,Hard,System Design,3.25,5,13,4,54.84394629171299,A,33,44,221.95334125177195,4.32,958.8384342076548,53.26880190042527,0.07398444708392399,7.65,4,0,0,0,4,0,0,0,0,0,18,4,0,False,False
code_samples_n5/problem_007_find_median_from_data_stream/vibecoder_run4.py,vibecoder,7,4,295,Find Median from Data Stream,Hard,System Design,3.25,5,13,4,53.410452203420036,A,32,44,220.0,3.78,831.5999999999999,46.199999999999996,0.07333333333333333,7.37,4,1,0,0,5,0,0,0,0,0,21,4,0,False,False
code_samples_n5/problem_007_find_median_from_data_stream/vibecoder_run5.py,vibecoder,7,5,295,Find Median from Data Stream,Hard,System Design,3.25,5,13,4,53.87267481134098,A,32,44,220.0,3.78,831.5999999999999,46.199999999999996,0.07333333333333333,7.37,4,1,0,0,5,0,0,0,0,0,20,4,0,False,False
code_samples_n5/problem_007_find_median_from_data_stream/senior_run1.py,senior,7,1,295,Find Median from Data Stream,Hard,System Design,3.0,4,12,4,76.58103414735879,A,23,29,131.18329672565338,3.0,393.54989017696016,21.863882787608897,0.04372776557521779,5.45,10,0,0,0,10,0,0,0,0,0,46,13,5,True,True
code_samples_n5/problem_007_find_median_from_data_stream/senior_run2.py,senior,7,2,295,Find Median from Data Stream,Hard,System Design,3.5,6,14,4,76.31202829940558,A,23,29,131.18329672565338,3.0,393.54989017696016,21.863882787608897,0.04372776557521779,4.55,11,0,1,0,12,0,0,0,0,0,46,14,5,True,True
code_samples_n5/problem_007_find_median_from_data_stream/senior_run3.py,senior,7,3,295,Find Median from Data Stream,Hard,System Design,2.5,4,10,4,76.10950519244561,A,24,29,132.96391252091354,3.5,465.3736938231974,25.854094101288744,0.044321304173637846,4.76,10,0,1,0,11,0,0,0,0,0,45,13,5,True,True
code_samples_n5/problem_007_find_median_from_data_stream/senior_run4.py,senior,7,4,295,Find Median from Data Stream,Hard,System Design,3.0,4,12,4,76.58103414735879,A,23,29,131.18329672565338,3.0,393.54989017696016,21.863882787608897,0.04372776557521779,5.0,10,0,1,0,11,0,0,0,0,0,46,12,5,True,True
code_samples_n5/problem_007_find_median_from_data_stream/senior_run5.py,senior,7,5,295,Find Median from Data Stream,Hard,System Design,3.0,4,12,4,76.58103414735879,A,23,29,131.18329672565338,3.0,393.54989017696016,21.863882787608897,0.04372776557521779,5.0,10,0,1,0,11,0,0,0,0,0,46,12,5,True,True
code_samples_n5/problem_008_lfu_cache/vibecoder_run1.py,vibecoder,8,1,460,LFU Cache,Hard,System Design,2.6,4,13,5,49.806005474146936,A,23,31,140.2304206377674,5.333333333333333,747.8955767347594,41.54975426304219,0.04674347354592247,9.71,1,0,0,0,1,0,0,0,0,0,35,4,0,False,False
code_samples_n5/problem_008_lfu_cache/vibecoder_run2.py,vibecoder,8,2,460,LFU Cache,Hard,System Design,3.25,4,13,4,50.58747823000214,A,21,31,136.16184010614157,6.153846153846154,837.9190160377943,46.55105644654413,0.04538728003538052,9.7,1,0,0,0,1,0,0,0,0,0,33,3,0,False,False
code_samples_n5/problem_008_lfu_cache/vibecoder_run3.py,vibecoder,8,3,460,LFU Cache,Hard,System Design,2.6,4,13,5,49.58254320429388,A,22,31,138.24238017775622,5.714285714285714,789.956458158607,43.88646989770039,0.046080793392585404,9.72,1,0,0,0,1,0,0,0,0,0,36,4,0,False,False
code_samples_n5/problem_008_lfu_cache/vibecoder_run4.py,vibecoder,8,4,460,LFU Cache,Hard,System Design,2.6,4,13,5,50.074521596854815,A,24,28,128.3789500201924,5.4,693.246330109039,38.51368500605773,0.042792983340064136,9.71,1,0,0,0,1,0,0,0,0,0,35,4,0,False,False
code_samples_n5/problem_008_lfu_cache/vibecoder_run5.py,vibecoder,8,5,460,LFU Cache,Hard,System Design,2.6,4,13,5,50.5441502594444,A,22,27,120.40465370320703,4.857142857142857,584.8226037012912,32.490144650071734,0.04013488456773568,7.94,7,0,0,0,7,0,0,0,0,0,31,4,0,False,False
code_samples_n5/problem_008_lfu_cache/senior_run1.py,senior,8,1,460,LFU Cache,Hard,System Design,2.375,4,19,8,73.2019292996829,A,26,33,155.11451069865606,5.5588235294117645,862.2541918248822,47.9030106569379,0.05170483689955202,6.38,15,1,1,0,17,0,0,0,0,0,83,25,6,True,True
code_samples_n5/problem_008_lfu_cache/senior_run2.py,senior,8,2,460,LFU Cache,Hard,System Design,2.6666666666666665,4,16,6,70.96289463171924,A,26,33,155.11451069865606,5.5588235294117645,862.2541918248822,47.9030106569379,0.05170483689955202,6.19,15,0,1,0,16,0,0,0,0,0,84,21,9,True,True
code_samples_n5/problem_008_lfu_cache/senior_run3.py,senior,8,3,460,LFU Cache,Hard,System Design,2.3333333333333335,4,14,6,69.68434476503035,A,27,34,161.66617507355795,6.470588235294118,1046.0752504759632,58.11529169310907,0.053888725024519316,5.24,19,0,1,0,20,0,0,0,0,0,86,25,12,True,True
code_samples_n5/problem_008_lfu_cache/senior_run4.py,senior,8,4,460,LFU Cache,Hard,System Design,2.0,5,26,13,67.38184158297403,A,31,44,217.98463765702255,5.931818181818182,1293.0452370109747,71.8358465006097,0.07266154588567418,7.12,20,1,0,0,21,0,0,0,0,0,127,32,9,True,True
code_samples_n5/problem_008_lfu_cache/senior_run5.py,senior,8,5,460,LFU Cache,Hard,System Design,3.1666666666666665,4,19,6,68.91927097270616,A,29,39,189.46125880997533,5.625,1065.7195808061113,59.20664337811729,0.06315375293665844,6.44,15,0,1,0,16,0,0,0,0,0,90,21,11,True,True
code_samples_n5/problem_009_all_o_one_data_structure/vibecoder_run1.py,vibecoder,9,1,432,All O'one Data Structure,Hard,System Design,4.166666666666667,9,25,6,44.84941860632252,A,30,40,196.27562382434076,5.571428571428571,1093.5356184498985,60.751978802772136,0.06542520794144692,8.64,5,1,0,0,6,0,0,0,0,0,46,6,0,False,False
code_samples_n5/problem_009_all_o_one_data_structure/vibecoder_run2.py,vibecoder,9,2,432,All O'one Data Structure,Hard,System Design,5.0,14,30,6,44.7620011161071,A,48,71,396.53233755120215,5.3076923076923075,2104.6716377717653,116.9262020984314,0.13217744585040073,9.12,3,0,0,0,3,0,0,0,0,0,35,5,0,False,False
code_samples_n5/problem_009_all_o_one_data_structure/vibecoder_run3.py,vibecoder,9,3,432,All O'one Data Structure,Hard,System Design,6.166666666666667,13,37,6,39.910792938528346,A,53,81,463.96155681961915,6.809523809523809,3159.35726786693,175.51984821482947,0.15465385227320638,9.39,3,0,0,0,3,0,0,0,0,0,51,4,0,False,False
code_samples_n5/problem_009_all_o_one_data_structure/vibecoder_run4.py,vibecoder,9,4,432,All O'one Data Structure,Hard,System Design,4.5,9,27,6,38.69206574782064,A,20,52,224.74026093414287,7.285714285714286,1637.393329663041,90.96629609239116,0.07491342031138096,7.61,15,1,0,0,16,0,0,0,0,0,64,4,0,False,False
code_samples_n5/problem_009_all_o_one_data_structure/vibecoder_run5.py,vibecoder,9,5,432,All O'one Data Structure,Hard,System Design,5.0,10,30,6,41.89151155885498,A,34,49,249.28567922126666,4.923076923076923,1227.2525746277745,68.18069859043192,0.08309522640708888,9.02,5,0,0,0,5,0,0,0,0,0,55,6,0,False,True
code_samples_n5/problem_009_all_o_one_data_structure/senior_run1.py,senior,9,1,432,All O'one Data Structure,Hard,System Design,2.3,5,23,10,68.48663710907876,A,25,34,157.89111045234063,3.473684210526316,548.4638573607622,30.47021429782012,0.05263037015078021,7.5,16,1,0,0,17,0,0,0,0,0,115,30,8,True,True
code_samples_n5/problem_009_all_o_one_data_structure/senior_run2.py,senior,9,2,432,All O'one Data Structure,Hard,System Design,2.3636363636363638,8,26,11,66.56021770539687,A,34,47,239.11075353876598,5.58,1334.2380047463141,74.12433359701745,0.07970358451292199,7.54,15,1,0,0,16,0,0,0,0,0,124,29,12,True,True
code_samples_n5/problem_009_all_o_one_data_structure/senior_run3.py,senior,9,3,432,All O'one Data Structure,Hard,System Design,2.090909090909091,5,23,11,68.62721353445193,A,23,31,140.2304206377674,3.5294117647058822,494.93089636859077,27.496160909366154,0.04674347354592247,7.06,19,1,0,0,20,0,0,0,0,0,120,31,10,True,True
code_samples_n5/problem_009_all_o_one_data_structure/senior_run4.py,senior,9,4,432,All O'one Data Structure,Hard,System Design,2.3,5,23,10,67.71715544818471,A,25,34,157.89111045234063,3.473684210526316,548.4638573607622,30.47021429782012,0.05263037015078021,7.88,13,1,0,0,14,0,0,0,0,0,114,27,9,True,True
code_samples_n5/problem_009_all_o_one_data_structure/senior_run5.py,senior,9,5,432,All O'one Data Structure,Hard,System Design,2.3,5,23,10,68.46218491926115,A,26,34,159.81495041679716,4.052631578947368,647.67111484702,35.98172860261222,0.05327165013893238,7.5,17,1,0,0,18,0,0,0,0,0,120,30,14,True,True
code_samples_n5/problem_011_longest_palindromic_substring/vibecoder_run1.py,vibecoder,11,1,5,Longest Palindromic Substring,Medium,Dynamic Programming,11.5,12,23,2,51.43969074303161,A,32,77,385.0,7.28,2802.8,155.7111111111111,0.12833333333333333,7.0,5,1,0,0,6,0,0,0,0,0,17,0,0,False,True
code_samples_n5/problem_011_longest_palindromic_substring/vibecoder_run2.py,vibecoder,11,2,5,Longest Palindromic Substring,Medium,Dynamic Programming,5.5,6,11,2,64.4719589818434,A,13,14,51.80615605397529,2.8125,145.70481390180552,8.09471188343364,0.01726871868465843,7.0,2,1,0,0,3,0,0,0,0,0,10,0,0,False,True
code_samples_n5/problem_011_longest_palindromic_substring/vibecoder_run3.py,vibecoder,11,3,5,Longest Palindromic Substring,Medium,Dynamic Programming,8.5,9,17,2,58.454446720708916,A,25,42,195.04195997053841,6.588235294117647,1284.9823245117825,71.38790691732125,0.06501398665684614,6.67,3,1,0,0,4,0,0,0,0,0,11,0,0,False,False
code_samples_n5/problem_011_longest_palindromic_substring/vibecoder_run4.py,vibecoder,11,4,5,Longest Palindromic Substring,Medium,Dynamic Programming,5.5,6,11,2,63.86526489061407,A,13,23,85.11011351724513,4.6875,398.95365711208655,22.164092061782586,0.028370037839081708,6.67,2,1,0,0,3,0,0,0,0,0,9,0,0,False,True
code_samples_n5/problem_011_longest_palindromic_substring/vibecoder_run5.py,vibecoder,11,5,5,Longest Palindromic Substring,Medium,Dynamic Programming,11.5,12,23,2,51.43969074303161,A,32,77,385.0,7.28,2802.8,155.7111111111111,0.12833333333333333,8.0,3,1,0,0,4,0,0,0,0,0,19,0,0,False,True
code_samples_n5/problem_011_longest_palindromic_substring/senior_run1.py,senior,11,1,5,Longest Palindromic Substring,Medium,Dynamic Programming,5.333333333333333,6,16,3,76.01515634769845,A,35,57,292.36913196586306,6.576923076923077,1922.8892910062532,106.82718283368074,0.09745637732195435,3.75,13,1,1,0,15,0,0,0,0,0,52,17,6,True,True
code_samples_n5/problem_011_longest_palindromic_substring/senior_run2.py,senior,11,2,5,Longest Palindromic Substring,Medium,Dynamic Programming,6.0,7,18,3,78.64754712086368,A,27,42,199.7052750908657,5.894736842105263,1177.2100426408927,65.40055792449404,0.06656842503028856,4.8,11,1,1,0,13,0,0,0,0,0,48,14,3,True,True
code_samples_n5/problem_011_longest_palindromic_substring/senior_run3.py,senior,11,3,5,Longest Palindromic Substring,Medium,Dynamic Programming,5.333333333333333,6,16,3,76.03217612918573,A,28,37,177.87213211613133,5.921052631578948,1053.1902559507776,58.510569775043194,0.05929071070537711,2.63,13,1,0,0,14,0,0,0,0,0,46,15,5,True,True
code_samples_n5/problem_011_longest_palindromic_substring/senior_run4.py,senior,11,4,5,Longest Palindromic Substring,Medium,Dynamic Programming,5.0,6,15,3,77.1658423159238,A,25,33,153.24725426256592,5.176470588235294,793.2799044179883,44.07110580099935,0.05108241808752197,2.35,12,1,0,0,13,0,0,0,0,0,42,13,5,True,True
code_samples_n5/problem_011_longest_palindromic_substring/senior_run5.py,senior,11,5,5,Longest Palindromic Substring,Medium,Dynamic Programming,6.0,7,18,3,78.53014699354986,A,29,43,208.89318279048564,6.525,1363.028017707919,75.72377876155105,0.06963106093016189,5.0,11,1,0,0,12,0,0,0,0,0,48,12,4,True,True
code_samples_n5/problem_012_unique_paths/vibecoder_run1.py,vibecoder,12,1,62,Unique Paths,Medium,Dynamic Programming,4.5,5,9,2,68.32899419065265,A,11,18,62.26976913547136,2.25,140.10698055481055,7.78372114193392,0.020756589711823786,5.71,2,1,0,0,3,0,0,0,0,0,7,0,0,False,True
code_samples_n5/problem_012_unique_paths/vibecoder_run2.py,vibecoder,12,2,62,Unique Paths,Medium,Dynamic Programming,4.5,5,9,2,68.32899419065265,A,11,18,62.26976913547136,2.25,140.10698055481055,7.78372114193392,0.020756589711823786,5.71,2,1,0,0,3,0,0,0,0,0,7,0,0,False,True
code_samples_n5/problem_012_unique_paths/vibecoder_run3.py,vibecoder,12,3,62,Unique Paths,Medium,Dynamic Programming,4.5,5,9,2,68.32899419065265,A,11,18,62.26976913547136,2.25,140.10698055481055,7.78372114193392,0.020756589711823786,5.71,2,1,0,0,3,0,0,0,0,0,7,0,0,False,True
code_samples_n5/problem_012_unique_paths/vibecoder_run4.py,vibecoder,12,4,62,Unique Paths,Medium,Dynamic Programming,4.5,5,9,2,68.32899419065265,A,11,18,62.26976913547136,2.25,140.10698055481055,7.78372114193392,0.020756589711823786,5.71,2,1,0,0,3,0,0,0,0,0,7,0,0,False,True
code_samples_n5/problem_012_unique_paths/vibecoder_run5.py,vibecoder,12,5,62,Unique Paths,Medium,Dynamic Programming,4.5,5,9,2,68.32899419065265,A,11,18,62.26976913547136,2.25,140.10698055481055,7.78372114193392,0.020756589711823786,5.71,2,1,0,0,3,0,0,0,0,0,7,0,0,False,True
code_samples_n5/problem_012_unique_paths/senior_run1.py,senior,12,1,62,Unique Paths,Medium,Dynamic Programming,3.3333333333333335,4,10,3,72.53861491630668,A,17,24,98.09910819000817,3.3333333333333335,326.99702730002724,18.16650151666818,0.03269970273000272,2.5,9,1,2,0,12,0,0,0,0,0,40,14,5,True,True
code_samples_n5/problem_012_unique_paths/senior_run2.py,senior,12,2,62,Unique Paths,Medium,Dynamic Programming,5.0,6,15,3,74.73815159967694,A,18,27,112.58797503894243,3.4615384615384617,389.7276059040315,21.651533661335083,0.03752932501298081,4.44,8,1,1,0,10,0,0,0,0,0,43,13,6,True,True
code_samples_n5/problem_012_unique_paths/senior_run3.py,senior,12,3,62,Unique Paths,Medium,Dynamic Programming,6.0,7,18,3,75.61942031517607,A,22,36,160.5395382709427,4.5,722.4279222192422,40.134884567735675,0.05351317942364757,4.0,10,1,1,0,12,0,0,0,0,0,45,14,6,True,True
code_samples_n5/problem_012_unique_paths/senior_run4.py,senior,12,4,62,Unique Paths,Medium,Dynamic Programming,3.0,4,12,4,68.40254909509626,A,30,48,235.53074858920888,4.0,942.1229943568355,52.34016635315753,0.0785102495297363,4.17,11,1,2,0,14,0,0,0,0,0,57,19,4,True,True
code_samples_n5/problem_012_unique_paths/senior_run5.py,senior,12,5,62,Unique Paths,Medium,Dynamic Programming,5.333333333333333,6,16,3,75.15511169365607,A,20,33,142.62362713128297,3.6666666666666665,522.9532994813709,29.05296108229838,0.04754120904376099,4.38,7,1,1,0,9,0,0,0,0,0,38,12,3,True,True
code_samples_n5/problem_013_decode_ways/vibecoder_run1.py,vibecoder,13,1,91,Decode Ways,Medium,Dynamic Programming,6.5,7,13,2,58.615069174434346,A,26,43,202.11890788006698,6.222222222222222,1257.628760142639,69.86826445236883,0.06737296929335566,5.38,5,1,0,0,6,0,0,0,0,0,10,0,0,False,True
code_samples_n5/problem_013_decode_ways/vibecoder_run2.py,vibecoder,13,2,91,Decode Ways,Medium,Dynamic Programming,6.5,7,13,2,58.615069174434346,A,26,43,202.11890788006698,6.222222222222222,1257.628760142639,69.86826445236883,0.06737296929335566,5.38,5,1,0,0,6,0,0,0,0,0,10,0,0,False,True
code_samples_n5/problem_013_decode_ways/vibecoder_run3.py,vibecoder,13,3,91,Decode Ways,Medium,Dynamic Programming,6.5,7,13,2,58.615069174434346,A,26,43,202.11890788006698,6.222222222222222,1257.628760142639,69.86826445236883,0.06737296929335566,5.38,5,1,0,0,6,0,0,0,0,0,10,0,0,False,True
code_samples_n5/problem_013_decode_ways/vibecoder_run4.py,vibecoder,13,4,91,Decode Ways,Medium,Dynamic Programming,6.5,7,13,2,58.615069174434346,A,26,43,202.11890788006698,6.222222222222222,1257.628760142639,69.86826445236883,0.06737296929335566,5.38,5,1,0,0,6,0,0,0,0,0,10,0,0,False,True
code_samples_n5/problem_013_decode_ways/vibecoder_run5.py,vibecoder,13,5,91,Decode Ways,Medium,Dynamic Programming,6.5,7,13,2,58.58004679287187,A,27,43,204.46016259302917,5.894736842105263,1205.2388531799613,66.9577140655534,0.06815338753100972,5.38,5,1,0,0,6,0,0,0,0,0,10,0,0,False,True
code_samples_n5/problem_013_decode_ways/senior_run1.py,senior,13,1,91,Decode Ways,Medium,Dynamic Programming,3.0,5,15,5,68.81867610729243,A,26,39,183.31714900750262,3.75,687.4393087781348,38.191072709896375,0.061105716335834205,4.83,14,1,0,0,15,0,0,0,0,0,68,21,6,True,True
code_samples_n5/problem_013_decode_ways/senior_run2.py,senior,13,2,91,Decode Ways,Medium,Dynamic Programming,3.0,5,15,5,68.81867610729243,A,26,39,183.31714900750262,3.75,687.4393087781348,38.191072709896375,0.061105716335834205,4.83,14,1,0,0,15,0,0,0,0,0,68,21,6,True,True
code_samples_n5/problem_013_decode_ways/senior_run3.py,senior,13,3,91,Decode Ways,Medium,Dynamic Programming,3.0,6,12,4,71.7397157730031,A,32,51,255.0,4.62,1178.1000000000001,65.45,0.085,4.76,10,1,0,0,11,0,0,0,0,0,47,15,3,True,True
code_samples_n5/problem_013_decode_ways/senior_run4.py,senior,13,4,91,Decode Ways,Medium,Dynamic Programming,2.25,3,9,4,71.7189833069524,A,25,36,167.17882283189007,3.6315789473684212,607.1230934421271,33.72906074678484,0.05572627427729669,4.83,14,1,0,0,15,0,0,0,0,0,65,21,5,True,True
code_samples_n5/problem_013_decode_ways/senior_run5.py,senior,13,5,91,Decode Ways,Medium,Dynamic Programming,2.0,3,8,4,70.21870713678757,A,24,34,155.88872502451935,3.6666666666666665,571.5919917565709,31.75511065314283,0.05196290834150645,4.62,13,1,0,0,14,0,0,0,0,0,62,20,5,True,True
code_samples_n5/problem_014_word_break/vibecoder_run1.py,vibecoder,14,1,139,Word Break,Medium,Dynamic Programming,4.5,5,9,2,65.3960063013103,A,12,15,53.77443751081735,2.5,134.43609377704337,7.468671876502409,0.017924812503605784,5.56,3,1,0,0,4,0,0,0,0,0,9,0,0,False,False
code_samples_n5/problem_014_word_break/vibecoder_run2.py,vibecoder,14,2,139,Word Break,Medium,Dynamic Programming,4.5,5,9,2,65.3960063013103,A,12,15,53.77443751081735,2.5,134.43609377704337,7.468671876502409,0.017924812503605784,5.56,3,1,0,0,4,0,0,0,0,0,9,0,0,False,False
code_samples_n5/problem_014_word_break/vibecoder_run3.py,vibecoder,14,3,139,Word Break,Medium,Dynamic Programming,6.5,7,13,2,62.15467833146915,A,19,25,106.19818783608963,3.923076923076923,416.6236599723516,23.14575888735287,0.03539939594536321,6.36,3,1,0,0,4,0,0,0,0,0,11,0,0,False,False
code_samples_n5/problem_014_word_break/vibecoder_run4.py,vibecoder,14,4,139,Word Break,Medium,Dynamic Programming,4.5,5,9,2,65.3960063013103,A,12,15,53.77443751081735,2.5,134.43609377704337,7.468671876502409,0.017924812503605784,5.56,3,1,0,0,4,0,0,0,0,0,9,0,0,False,False
code_samples_n5/problem_014_word_break/vibecoder_run5.py,vibecoder,14,5,139,Word Break,Medium,Dynamic Programming,5.5,6,11,2,63.534246523496236,A,12,15,53.77443751081735,2.5,134.43609377704337,7.468671876502409,0.017924812503605784,6.67,3,1,0,0,4,0,0,0,0,0,12,0,0,False,False
code_samples_n5/problem_014_word_break/senior_run1.py,senior,14,1,139,Word Break,Medium,Dynamic Programming,3.5,6,14,4,72.46230812180137,A,16,22,88.0,3.1818181818181817,280.0,15.555555555555555,0.029333333333333333,4.78,11,1,0,0,12,0,0,0,0,0,53,16,5,True,True
code_samples_n5/problem_014_word_break/senior_run2.py,senior,14,2,139,Word Break,Medium,Dynamic Programming,4.0,6,16,4,74.06375120503036,A,18,26,108.41805003750011,4.25,460.77671265937545,25.598706258854193,0.036139350012500036,4.4,13,1,0,0,14,0,0,0,0,0,54,18,1,True,True
code_samples_n5/problem_014_word_break/senior_run3.py,senior,14,3,139,Word Break,Medium,Dynamic Programming,3.5,6,14,4,72.78994964395322,A,19,25,106.19818783608963,3.6923076923076925,392.11638585633096,21.784243658685053,0.03539939594536321,4.55,11,1,0,0,12,0,0,0,0,0,49,16,2,True,True
code_samples_n5/problem_014_word_break/senior_run4.py,senior,14,4,139,Word Break,Medium,Dynamic Programming,4.0,6,16,4,75.13819774746156,A,14,20,76.14709844115208,3.611111111111111,274.97563325971583,15.276424069984213,0.025382366147050694,4.4,13,1,0,0,14,0,0,0,0,0,54,18,1,True,True
code_samples_n5/problem_014_word_break/senior_run5.py,senior,14,5,139,Word Break,Medium,Dynamic Programming,4.0,6,16,4,74.06375120503036,A,18,26,108.41805003750011,4.25,460.77671265937545,25.598706258854193,0.036139350012500036,4.4,13,1,0,0,14,0,0,0,0,0,54,18,1,True,True
code_samples_n5/problem_015_house_robber/vibecoder_run1.py,vibecoder,15,1,198,House Robber,Medium,Dynamic Programming,4.5,5,9,2,67.84926407934918,A,8,8,24.0,1.5,36.0,2.0,0.008,6.0,3,1,0,0,4,0,0,0,0,0,8,0,0,False,False
code_samples_n5/problem_015_house_robber/vibecoder_run2.py,vibecoder,15,2,198,House Robber,Medium,Dynamic Programming,4.5,5,9,2,67.84926407934918,A,8,8,24.0,1.5,36.0,2.0,0.008,6.0,3,1,0,0,4,0,0,0,0,0,8,0,0,False,False
code_samples_n5/problem_015_house_robber/vibecoder_run3.py,vibecoder,15,3,198,House Robber,Medium,Dynamic Programming,4.5,5,9,2,67.84926407934918,A,8,8,24.0,1.5,36.0,2.0,0.008,6.0,3,1,0,0,4,0,0,0,0,0,8,0,0,False,False
code_samples_n5/problem_015_house_robber/vibecoder_run4.py,vibecoder,15,4,198,House Robber,Medium,Dynamic Programming,4.5,5,9,2,67.84926407934918,A,8,8,24.0,1.5,36.0,2.0,0.008,6.0,3,1,0,0,4,0,0,0,0,0,8,0,0,False,False
code_samples_n5/problem_015_house_robber/vibecoder_run5.py,vibecoder,15,5,198,House Robber,Medium,Dynamic Programming,4.5,5,9,2,67.84926407934918,A,8,8,24.0,1.5,36.0,2.0,0.008,6.0,3,1,0,0,4,0,0,0,0,0,8,0,0,False,False
code_samples_n5/problem_015_house_robber/senior_run1.py,senior,15,1,198,House Robber,Medium,Dynamic Programming,3.3333333333333335,4,10,3,82.70285527695908,A,10,11,36.541209043760986,2.3333333333333335,85.26282110210897,4.736823394561609,0.012180403014586996,5.56,7,1,0,0,8,0,0,0,0,0,37,13,1,True,True
code_samples_n5/problem_015_house_robber/senior_run2.py,senior,15,2,198,House Robber,Medium,Dynamic Programming,3.3333333333333335,4,10,3,80.69708806209469,A,10,11,36.541209043760986,2.3333333333333335,85.26282110210897,4.736823394561609,0.012180403014586996,5.56,7,1,0,0,8,0,0,0,0,0,41,14,5,True,True
code_samples_n5/problem_015_house_robber/senior_run3.py,senior,15,3,198,House Robber,Medium,Dynamic Programming,3.0,4,9,3,81.24704609759685,A,8,8,24.0,1.5,36.0,2.0,0.008,5.62,6,1,0,0,7,0,0,0,0,0,37,12,3,True,True
code_samples_n5/problem_015_house_robber/senior_run4.py,senior,15,4,198,House Robber,Medium,Dynamic Programming,3.3333333333333335,4,10,3,78.4402707625053,A,11,11,38.053747805010275,2.0,76.10749561002055,4.228194200556697,0.012684582601670092,5.56,7,1,0,0,8,0,0,0,0,0,39,14,3,True,True
code_samples_n5/problem_015_house_robber/senior_run5.py,senior,15,5,198,House Robber,Medium,Dynamic Programming,3.3333333333333335,4,10,3,79.64397795664071,A,10,11,36.541209043760986,2.3333333333333335,85.26282110210897,4.736823394561609,0.012180403014586996,5.56,7,1,0,0,8,0,0,0,0,0,40,15,2,True,True
code_samples_n5/problem_016_longest_increasing_subsequence/vibecoder_run1.py,vibecoder,16,1,300,Longest Increasing Subsequence,Medium,Dynamic Programming,5.5,6,11,2,66.3130547934018,A,11,11,38.053747805010275,2.0,76.10749561002055,4.228194200556697,0.012684582601670092,6.0,3,1,0,0,4,0,0,0,0,0,9,0,0,False,False
code_samples_n5/problem_016_longest_increasing_subsequence/vibecoder_run2.py,vibecoder,16,2,300,Longest Increasing Subsequence,Medium,Dynamic Programming,5.5,6,11,2,60.15800055610564,A,13,18,66.60791492653966,2.6666666666666665,177.62110647077242,9.867839248376246,0.022202638308846556,7.86,2,1,0,0,3,0,0,0,0,0,16,0,0,False,False
code_samples_n5/problem_016_longest_increasing_subsequence/vibecoder_run3.py,vibecoder,16,3,300,Longest Increasing Subsequence,Medium,Dynamic Programming,5.5,6,11,2,66.3130547934018,A,11,11,38.053747805010275,2.0,76.10749561002055,4.228194200556697,0.012684582601670092,6.0,3,1,0,0,4,0,0,0,0,0,9,0,0,False,False
code_samples_n5/problem_016_longest_increasing_subsequence/vibecoder_run4.py,vibecoder,16,4,300,Longest Increasing Subsequence,Medium,Dynamic Programming,5.5,6,11,2,66.3130547934018,A,11,11,38.053747805010275,2.0,76.10749561002055,4.228194200556697,0.012684582601670092,6.0,3,1,0,0,4,0,0,0,0,0,9,0,0,False,False
code_samples_n5/problem_016_longest_increasing_subsequence/vibecoder_run5.py,vibecoder,16,5,300,Longest Increasing Subsequence,Medium,Dynamic Programming,5.5,6,11,2,60.15800055610564,A,13,18,66.60791492653966,2.6666666666666665,177.62110647077242,9.867839248376246,0.022202638308846556,7.86,2,1,0,0,3,0,0,0,0,0,16,0,0,False,False
code_samples_n5/problem_016_longest_increasing_subsequence/senior_run1.py,senior,16,1,300,Longest Increasing Subsequence,Medium,Dynamic Programming,3.5,5,14,4,76.51207374356493,A,14,14,53.30296890880645,2.5,133.25742227201613,7.403190126223119,0.017767656302935482,4.78,11,1,0,0,12,0,0,0,0,0,60,19,5,True,True
code_samples_n5/problem_016_longest_increasing_subsequence/senior_run2.py,senior,16,2,300,Longest Increasing Subsequence,Medium,Dynamic Programming,3.5,5,14,4,77.50509933835185,A,15,16,62.5102495297363,2.5,156.27562382434076,8.681979101352264,0.020836749843245433,4.8,13,0,0,0,13,0,0,0,0,0,61,20,5,True,True
code_samples_n5/problem_016_longest_increasing_subsequence/senior_run3.py,senior,16,3,300,Longest Increasing Subsequence,Medium,Dynamic Programming,3.5,5,14,4,79.02866666200525,A,15,17,66.41714012534482,2.75,182.64713534469826,10.147063074705459,0.02213904670844827,4.44,14,1,0,0,15,0,0,0,0,0,61,21,5,True,True
code_samples_n5/problem_016_longest_increasing_subsequence/senior_run4.py,senior,16,4,300,Longest Increasing Subsequence,Medium,Dynamic Programming,5.5,6,11,2,89.46981026386277,A,11,11,38.053747805010275,2.0,76.10749561002055,4.228194200556697,0.012684582601670092,4.17,6,1,0,0,7,0,0,0,0,0,30,10,4,True,True
code_samples_n5/problem_016_longest_increasing_subsequence/senior_run5.py,senior,16,5,300,Longest Increasing Subsequence,Medium,Dynamic Programming,3.5,5,14,4,76.30312445435948,A,15,16,62.5102495297363,2.5,156.27562382434076,8.681979101352264,0.020836749843245433,5.2,12,0,0,0,12,0,0,0,0,0,63,20,5,True,True
code_samples_n5/problem_017_regular_expression_matching/vibecoder_run1.py,vibecoder,17,1,10,Regular Expression Matching,Hard,Dynamic Programming,12.5,13,25,2,54.47069669580682,A,36,93,480.80302513413505,6.2,2980.9787558316375,165.60993087953543,0.16026767504471168,7.69,2,1,0,0,3,0,0,0,0,0,14,0,0,False,True
code_samples_n5/problem_017_regular_expression_matching/vibecoder_run2.py,vibecoder,17,2,10,Regular Expression Matching,Hard,Dynamic Programming,12.5,13,25,2,54.47069669580682,A,36,93,480.80302513413505,6.2,2980.9787558316375,165.60993087953543,0.16026767504471168,7.69,2,1,0,0,3,0,0,0,0,0,14,0,0,False,True
code_samples_n5/problem_017_regular_expression_matching/vibecoder_run3.py,vibecoder,17,3,10,Regular Expression Matching,Hard,Dynamic Programming,12.5,13,25,2,54.47069669580682,A,36,93,480.80302513413505,6.2,2980.9787558316375,165.60993087953543,0.16026767504471168,7.69,2,1,0,0,3,0,0,0,0,0,14,0,0,False,True
code_samples_n5/problem_017_regular_expression_matching/vibecoder_run4.py,vibecoder,17,4,10,Regular Expression Matching,Hard,Dynamic Programming,12.5,13,25,2,54.47069669580682,A,36,93,480.80302513413505,6.2,2980.9787558316375,165.60993087953543,0.16026767504471168,7.69,2,1,0,0,3,0,0,0,0,0,14,0,0,False,True
code_samples_n5/problem_017_regular_expression_matching/vibecoder_run5.py,vibecoder,17,5,10,Regular Expression Matching,Hard,Dynamic Programming,12.5,13,25,2,54.47069669580682,A,36,93,480.80302513413505,6.2,2980.9787558316375,165.60993087953543,0.16026767504471168,7.69,2,1,0,0,3,0,0,0,0,0,14,0,0,False,True
code_samples_n5/problem_017_regular_expression_matching/senior_run1.py,senior,17,1,10,Regular Expression Matching,Hard,Dynamic Programming,2.3333333333333335,3,7,3,77.08478660693578,A,39,67,354.12194866377064,4.8125,1704.2118779443963,94.67843766357757,0.11804064955459022,3.81,12,1,0,0,13,0,0,0,0,0,59,14,6,True,True
code_samples_n5/problem_017_regular_expression_matching/senior_run2.py,senior,17,2,10,Regular Expression Matching,Hard,Dynamic Programming,7.333333333333333,10,22,3,77.16625477800388,A,40,69,367.213038547228,5.625,2065.5733418281575,114.75407454600875,0.12240434618240933,1.36,16,3,0,0,19,0,0,0,0,0,57,10,6,True,True
code_samples_n5/problem_017_regular_expression_matching/senior_run3.py,senior,17,3,10,Regular Expression Matching,Hard,Dynamic Programming,7.0,10,21,3,78.73917581844547,A,40,67,356.5691823574533,5.5,1961.1305029659932,108.95169460922185,0.11885639411915111,0.48,17,3,0,0,20,0,0,0,0,0,65,12,8,True,True
code_samples_n5/problem_017_regular_expression_matching/senior_run4.py,senior,17,4,10,Regular Expression Matching,Hard,Dynamic Programming,6.333333333333333,10,19,3,79.44676530585251,A,37,64,333.4050154002528,4.9,1633.6845754612389,90.76025419229104,0.1111350051334176,1.5,14,3,0,0,17,0,0,0,0,0,58,11,6,True,True
code_samples_n5/problem_017_regular_expression_matching/senior_run5.py,senior,17,5,10,Regular Expression Matching,Hard,Dynamic Programming,3.5,4,7,2,78.23505226373481,A,35,64,328.27411308447785,5.25,1723.4390936935088,95.74661631630605,0.10942470436149261,4.8,11,1,1,0,13,0,0,0,0,0,56,12,8,True,True
code_samples_n5/problem_018_edit_distance/vibecoder_run1.py,vibecoder,18,1,72,Edit Distance,Hard,Dynamic Programming,7.5,8,15,2,59.36079446409411,A,14,51,194.1751010249378,6.8,1320.390686969577,73.3550381649765,0.06472503367497927,5.83,4,1,0,0,5,0,0,0,0,0,10,0,0,False,True
code_samples_n5/problem_018_edit_distance/vibecoder_run2.py,vibecoder,18,2,72,Edit Distance,Hard,Dynamic Programming,7.5,8,15,2,59.36079446409411,A,14,51,194.1751010249378,6.8,1320.390686969577,73.3550381649765,0.06472503367497927,5.83,4,1,0,0,5,0,0,0,0,0,10,0,0,False,True
code_samples_n5/problem_018_edit_distance/vibecoder_run3.py,vibecoder,18,3,72,Edit Distance,Hard,Dynamic Programming,7.5,8,15,2,59.36079446409411,A,14,51,194.1751010249378,6.8,1320.390686969577,73.3550381649765,0.06472503367497927,5.83,4,1,0,0,5,0,0,0,0,0,10,0,0,False,True
code_samples_n5/problem_018_edit_distance/vibecoder_run4.py,vibecoder,18,4,72,Edit Distance,Hard,Dynamic Programming,7.5,8,15,2,59.36079446409411,A,14,51,194.1751010249378,6.8,1320.390686969577,73.3550381649765,0.06472503367497927,7.5,2,1,0,0,3,0,0,0,0,0,12,0,0,False,True
code_samples_n5/problem_018_edit_distance/vibecoder_run5.py,vibecoder,18,5,72,Edit Distance,Hard,Dynamic Programming,7.5,8,15,2,59.36079446409411,A,14,51,194.1751010249378,6.8,1320.390686969577,73.3550381649765,0.06472503367497927,5.83,4,1,0,0,5,0,0,0,0,0,10,0,0,False,True
code_samples_n5/problem_018_edit_distance/senior_run1.py,senior,18,1,72,Edit Distance,Hard,Dynamic Programming,3.6,5,18,5,68.57237975765722,A,27,70,332.8421251514428,6.571428571428571,2187.2482509951956,121.51379172195531,0.11094737505048094,2.58,20,3,0,0,23,0,0,0,0,0,86,23,7,True,True
code_samples_n5/problem_018_edit_distance/senior_run2.py,senior,18,2,72,Edit Distance,Hard,Dynamic Programming,3.6,5,18,5,70.88021102639613,A,27,70,332.8421251514428,6.571428571428571,2187.2482509951956,121.51379172195531,0.11094737505048094,1.29,24,3,0,0,27,0,0,0,0,0,89,22,8,True,True
code_samples_n5/problem_018_edit_distance/senior_run3.py,senior,18,3,72,Edit Distance,Hard,Dynamic Programming,3.6,5,18,5,69.69011812100044,A,27,70,332.8421251514428,6.571428571428571,2187.2482509951956,121.51379172195531,0.11094737505048094,2.81,20,3,0,0,23,0,0,0,0,0,85,23,7,True,True
code_samples_n5/problem_018_edit_distance/senior_run4.py,senior,18,4,72,Edit Distance,Hard,Dynamic Programming,4.5,6,18,4,71.62589483333652,A,27,72,342.3519001557698,6.857142857142857,2347.555886782421,130.41977148791227,0.11411730005192326,5.33,13,1,0,0,14,0,0,0,0,0,64,19,7,True,True
code_samples_n5/problem_018_edit_distance/senior_run5.py,senior,18,5,72,Edit Distance,Hard,Dynamic Programming,3.6,5,18,5,69.57108111768225,A,28,72,346.1295543881475,6.545454545454546,2265.5752650860563,125.86529250478091,0.11537651812938249,2.81,20,3,0,0,23,0,0,0,0,0,85,23,7,True,True
code_samples_n5/problem_019_burst_balloons/vibecoder_run1.py,vibecoder,19,1,312,Burst Balloons,Hard,Dynamic Programming,3.5,4,7,2,58.13480921346168,A,28,36,173.06477719407374,3.272727272727273,566.3938162715141,31.466323126195228,0.057688259064691244,6.67,4,1,0,0,5,0,0,0,0,0,13,0,0,False,False
code_samples_n5/problem_019_burst_balloons/vibecoder_run2.py,vibecoder,19,2,312,Burst Balloons,Hard,Dynamic Programming,7.5,8,15,2,60.72014007072348,A,23,36,162.84823041805248,2.526315789473684,411.40605579297466,22.85589198849859,0.05428274347268416,7.27,2,1,0,0,3,0,0,0,0,0,11,0,0,False,False
code_samples_n5/problem_019_burst_balloons/vibecoder_run3.py,vibecoder,19,3,312,Burst Balloons,Hard,Dynamic Programming,7.5,8,15,2,60.72014007072348,A,23,36,162.84823041805248,2.526315789473684,411.40605579297466,22.85589198849859,0.05428274347268416,7.27,2,1,0,0,3,0,0,0,0,0,11,0,0,False,False
code_samples_n5/problem_019_burst_balloons/vibecoder_run4.py,vibecoder,19,4,312,Burst Balloons,Hard,Dynamic Programming,1.5,2,3,2,58.345443042405016,A,23,39,176.41891628622352,3.611111111111111,637.0683088113627,35.392683822853485,0.05880630542874117,6.67,4,1,0,0,5,0,0,0,0,0,13,0,0,False,False
code_samples_n5/problem_019_burst_balloons/vibecoder_run5.py,vibecoder,19,5,312,Burst Balloons,Hard,Dynamic Programming,7.5,8,15,2,60.72014007072348,A,23,36,162.84823041805248,2.526315789473684,411.40605579297466,22.85589198849859,0.05428274347268416,7.27,2,1,0,0,3,0,0,0,0,0,11,0,0,False,False
code_samples_n5/problem_019_burst_balloons/senior_run1.py,senior,19,1,312,Burst Balloons,Hard,Dynamic Programming,3.0,4,12,4,79.25149249317205,A,29,38,184.60327781484776,3.977272727272727,734.2175822181445,40.7898656787858,0.06153442593828259,1.48,22,1,0,0,23,0,0,0,0,0,82,22,7,True,True
code_samples_n5/problem_019_burst_balloons/senior_run2.py,senior,19,2,312,Burst Balloons,Hard,Dynamic Programming,3.3333333333333335,4,10,3,81.90657923606484,A,26,35,164.51539013493823,3.45,567.5780959655369,31.53211644252983,0.054838463378312746,1.3,19,1,0,0,20,0,0,0,0,0,67,17,5,True,True
code_samples_n5/problem_019_burst_balloons/senior_run3.py,senior,19,3,312,Burst Balloons,Hard,Dynamic Programming,3.0,4,12,4,72.55365237808583,A,28,38,182.67948703818894,3.409090909090909,622.7709785392805,34.598387696626695,0.06089316234606298,2.0,19,1,0,0,20,0,0,0,0,0,68,21,12,True,True
code_samples_n5/problem_019_burst_balloons/senior_run4.py,senior,19,4,312,Burst Balloons,Hard,Dynamic Programming,3.3333333333333335,4,10,3,81.80051736450493,A,26,35,164.51539013493823,3.45,567.5780959655369,31.53211644252983,0.054838463378312746,2.17,17,1,0,0,18,0,0,0,0,0,64,17,6,True,True
code_samples_n5/problem_019_burst_balloons/senior_run5.py,senior,19,5,312,Burst Balloons,Hard,Dynamic Programming,2.3333333333333335,4,14,6,71.9502648361907,A,25,38,176.46653521143952,3.125,551.4579225357485,30.636551251986027,0.05882217840381317,0.0,27,3,0,0,30,0,0,0,0,0,96,28,8,True,True
code_samples_n5/problem_020_maximum_profit_in_job_scheduling/vibecoder_run1.py,vibecoder,20,1,1235,Maximum Profit in Job Scheduling,Hard,Dynamic Programming,3.5,4,7,2,65.06910091482634,A,10,14,46.50699332842308,1.9285714285714286,89.6920585619588,4.982892142331044,0.01550233110947436,4.44,4,1,0,0,5,0,0,0,0,0,9,0,0,False,False
code_samples_n5/problem_020_maximum_profit_in_job_scheduling/vibecoder_run2.py,vibecoder,20,2,1235,Maximum Profit in Job Scheduling,Hard,Dynamic Programming,5.5,6,11,2,60.954272500793095,A,13,21,77.70923408096293,4.0625,315.6937634539119,17.538542414106217,0.025903078026987644,7.69,2,1,0,0,3,0,0,0,0,0,13,0,0,False,False
code_samples_n5/problem_020_maximum_profit_in_job_scheduling/vibecoder_run3.py,vibecoder,20,3,1235,Maximum Profit in Job Scheduling,Hard,Dynamic Programming,6.5,7,13,2,55.852059853884285,A,21,35,153.73110979725664,5.75,883.9538813342257,49.10854896301254,0.05124370326575221,8.24,2,1,0,0,3,0,0,0,0,0,18,0,0,False,False
code_samples_n5/problem_020_maximum_profit_in_job_scheduling/vibecoder_run4.py,vibecoder,20,4,1235,Maximum Profit in Job Scheduling,Hard,Dynamic Programming,6.5,7,13,2,59.7082322394727,A,16,28,112.0,5.1,571.1999999999999,31.73333333333333,0.037333333333333336,7.69,2,1,0,0,3,0,0,0,0,0,13,0,0,False,False
code_samples_n5/problem_020_maximum_profit_in_job_scheduling/vibecoder_run5.py,vibecoder,20,5,1235,Maximum Profit in Job Scheduling,Hard,Dynamic Programming,1.5,2,3,2,58.044689300003576,A,17,27,110.36149671375918,3.75,413.85561267659693,22.99197848203316,0.03678716557125306,3.12,9,1,1,0,11,0,0,0,0,0,15,2,0,False,False
code_samples_n5/problem_020_maximum_profit_in_job_scheduling/senior_run1.py,senior,20,1,1235,Maximum Profit in Job Scheduling,Hard,Dynamic Programming,2.6,4,13,5,67.1129061569725,A,25,38,176.46653521143952,3.789473684210526,668.7152913275603,37.150849518197795,0.05882217840381317,2.4,17,1,1,0,19,0,0,0,0,0,66,20,3,True,True
code_samples_n5/problem_020_maximum_profit_in_job_scheduling/senior_run2.py,senior,20,2,1235,Maximum Profit in Job Scheduling,Hard,Dynamic Programming,3.0,7,15,5,70.18700662789514,A,27,37,175.93083758004835,3.4285714285714284,603.1914431315943,33.510635729533014,0.058643612526682785,1.72,22,1,1,0,24,0,0,0,0,0,74,22,5,True,True
code_samples_n5/problem_020_maximum_profit_in_job_scheduling/senior_run3.py,senior,20,3,1235,Maximum Profit in Job Scheduling,Hard,Dynamic Programming,3.5,7,14,4,72.42519183845683,A,25,35,162.53496664211536,5.176470588235294,841.3574743827148,46.74208191015082,0.054178322214038455,2.31,18,1,1,0,20,0,0,0,0,0,65,20,7,True,True
code_samples_n5/problem_020_maximum_profit_in_job_scheduling/senior_run4.py,senior,20,4,1235,Maximum Profit in Job Scheduling,Hard,Dynamic Programming,3.0,5,15,5,65.79900041029074,A,28,37,177.87213211613133,4.8,853.7862341574304,47.43256856430169,0.05929071070537711,1.79,21,1,1,0,23,0,0,0,0,0,79,23,8,True,True
code_samples_n5/problem_020_maximum_profit_in_job_scheduling/senior_run5.py,senior,20,5,1235,Maximum Profit in Job Scheduling,Hard,Dynamic Programming,3.4,4,17,5,72.305308751841,A,26,39,183.31714900750262,5.333333333333333,977.6914613733472,54.31619229851929,0.061105716335834205,2.42,23,1,1,0,25,0,0,0,0,0,82,25,6,True,True
code_samples_n5/problem_021_binary_tree_level_order_traversal/vibecoder_run1.py,vibecoder,21,1,102,Binary Tree Level Order Traversal,Medium,Graph/Tree,4.5,8,18,4,71.02644526504824,A,2,2,2.0,0.5,1.0,0.05555555555555555,0.0006666666666666666,6.67,3,2,0,0,5,0,0,0,0,0,14,2,0,False,False
code_samples_n5/problem_021_binary_tree_level_order_traversal/vibecoder_run2.py,vibecoder,21,2,102,Binary Tree Level Order Traversal,Medium,Graph/Tree,4.5,8,18,4,71.02644526504824,A,2,2,2.0,0.5,1.0,0.05555555555555555,0.0006666666666666666,6.67,3,2,0,0,5,0,0,0,0,0,14,2,0,False,False
code_samples_n5/problem_021_binary_tree_level_order_traversal/vibecoder_run3.py,vibecoder,21,3,102,Binary Tree Level Order Traversal,Medium,Graph/Tree,4.5,8,18,4,71.02644526504824,A,2,2,2.0,0.5,1.0,0.05555555555555555,0.0006666666666666666,6.67,3,2,0,0,5,0,0,0,0,0,14,2,0,False,False
code_samples_n5/problem_021_binary_tree_level_order_traversal/vibecoder_run4.py,vibecoder,21,4,102,Binary Tree Level Order Traversal,Medium,Graph/Tree,4.5,8,18,4,71.02644526504824,A,2,2,2.0,0.5,1.0,0.05555555555555555,0.0006666666666666666,6.67,3,2,0,0,5,0,0,0,0,0,14,2,0,False,False
code_samples_n5/problem_021_binary_tree_level_order_traversal/vibecoder_run5.py,vibecoder,21,5,102,Binary Tree Level Order Traversal,Medium,Graph/Tree,4.5,8,18,4,71.02644526504824,A,2,2,2.0,0.5,1.0,0.05555555555555555,0.0006666666666666666,6.67,3,2,0,0,5,0,0,0,0,0,14,2,0,False,False
code_samples_n5/problem_021_binary_tree_level_order_traversal/senior_run1.py,senior,21,1,102,Binary Tree Level Order Traversal,Medium,Graph/Tree,4.0,7,16,4,92.13625649052366,A,2,2,2.0,0.5,1.0,0.05555555555555555,0.0006666666666666666,5.2,10,2,0,0,12,0,0,0,0,0,45,17,2,True,True
code_samples_n5/problem_021_binary_tree_level_order_traversal/senior_run2.py,senior,21,2,102,Binary Tree Level Order Traversal,Medium,Graph/Tree,4.0,7,16,4,92.36936818298808,A,2,2,2.0,0.5,1.0,0.05555555555555555,0.0006666666666666666,5.6,9,2,0,0,11,0,0,0,0,0,38,12,2,True,True
code_samples_n5/problem_021_binary_tree_level_order_traversal/senior_run3.py,senior,21,3,102,Binary Tree Level Order Traversal,Medium,Graph/Tree,4.0,7,16,4,93.50628910505543,A,2,2,2.0,0.5,1.0,0.05555555555555555,0.0006666666666666666,5.2,10,2,0,0,12,0,0,0,0,0,41,14,2,True,True
code_samples_n5/problem_021_binary_tree_level_order_traversal/senior_run4.py,senior,21,4,102,Binary Tree Level Order Traversal,Medium,Graph/Tree,3.0,5,15,5,91.56351795169273,A,2,2,2.0,0.5,1.0,0.05555555555555555,0.0006666666666666666,5.19,11,2,0,0,13,0,0,0,0,0,47,18,2,True,True
code_samples_n5/problem_021_binary_tree_level_order_traversal/senior_run5.py,senior,21,5,102,Binary Tree Level Order Traversal,Medium,Graph/Tree,4.0,7,16,4,94.48171131650149,A,2,2,2.0,0.5,1.0,0.05555555555555555,0.0006666666666666666,5.6,9,2,0,0,11,0,0,0,0,0,40,13,2,True,True
code_samples_n5/problem_022_number_of_islands/vibecoder_run1.py,vibecoder,22,1,200,Number of Islands,Medium,Graph/Tree,5.5,6,11,2,57.01098107174762,A,28,39,187.48684196024655,5.2,974.9315781932821,54.16286545518234,0.06249561398674885,5.62,5,1,1,0,7,0,0,0,0,0,12,0,0,False,False
code_samples_n5/problem_022_number_of_islands/vibecoder_run2.py,vibecoder,22,2,200,Number of Islands,Medium,Graph/Tree,5.5,6,11,2,57.01098107174762,A,28,39,187.48684196024655,5.2,974.9315781932821,54.16286545518234,0.06249561398674885,6.25,4,1,1,0,6,0,0,0,0,0,14,0,0,False,False
code_samples_n5/problem_022_number_of_islands/vibecoder_run3.py,vibecoder,22,3,200,Number of Islands,Medium,Graph/Tree,5.5,6,11,2,57.01098107174762,A,28,39,187.48684196024655,5.2,974.9315781932821,54.16286545518234,0.06249561398674885,5.62,5,1,1,0,7,0,0,0,0,0,12,0,0,False,False
code_samples_n5/problem_022_number_of_islands/vibecoder_run4.py,vibecoder,22,4,200,Number of Islands,Medium,Graph/Tree,5.5,6,11,2,57.01098107174762,A,28,39,187.48684196024655,5.2,974.9315781932821,54.16286545518234,0.06249561398674885,5.62,5,1,1,0,7,0,0,0,0,0,12,0,0,False,False
code_samples_n5/problem_022_number_of_islands/vibecoder_run5.py,vibecoder,22,5,200,Number of Islands,Medium,Graph/Tree,5.5,6,11,2,57.01098107174762,A,28,39,187.48684196024655,5.2,974.9315781932821,54.16286545518234,0.06249561398674885,5.62,5,1,1,0,7,0,0,0,0,0,12,0,0,False,False
code_samples_n5/problem_022_number_of_islands/senior_run1.py,senior,22,1,200,Number of Islands,Medium,Graph/Tree,7.0,8,21,3,77.46463295216611,A,30,44,215.90318620677482,4.413043478260869,952.7901478255496,52.93278599030831,0.07196772873559161,3.91,11,3,0,0,14,0,0,0,0,0,49,12,2,True,True
code_samples_n5/problem_022_number_of_islands/senior_run2.py,senior,22,2,200,Number of Islands,Medium,Graph/Tree,8.0,9,24,3,77.46301116597084,A,33,47,237.08652360984732,4.96,1175.9491571048427,65.33050872804682,0.07902884120328244,3.85,13,3,0,0,16,0,0,0,0,0,53,13,5,True,True
code_samples_n5/problem_022_number_of_islands/senior_run3.py,senior,22,3,200,Number of Islands,Medium,Graph/Tree,6.0,7,24,4,72.81126680924359,A,33,47,237.08652360984732,4.96,1175.9491571048427,65.33050872804682,0.07902884120328244,4.14,14,3,0,0,17,0,0,0,0,0,65,18,3,True,True
code_samples_n5/problem_022_number_of_islands/senior_run4.py,senior,22,4,200,Number of Islands,Medium,Graph/Tree,6.0,7,24,4,73.7588424080326,A,33,47,237.08652360984732,4.96,1175.9491571048427,65.33050872804682,0.07902884120328244,4.48,13,3,0,0,16,0,0,0,0,0,62,17,2,True,True
code_samples_n5/problem_022_number_of_islands/senior_run5.py,senior,22,5,200,Number of Islands,Medium,Graph/Tree,5.0,7,25,5,69.78975519495451,A,41,53,283.95025624475846,4.78125,1357.6371626702514,75.42428681501397,0.09465008541491948,4.5,21,1,0,0,22,0,0,0,0,0,87,24,2,True,True
code_samples_n5/problem_023_course_schedule/vibecoder_run1.py,vibecoder,23,1,207,Course Schedule,Medium,Graph/Tree,7.5,8,15,2,58.30439312175759,A,13,21,77.70923408096293,3.111111111111111,241.762061585218,13.431225643623222,0.025903078026987644,8.33,2,1,0,0,3,0,0,0,0,0,18,1,0,False,False
code_samples_n5/problem_023_course_schedule/vibecoder_run2.py,vibecoder,23,2,207,Course Schedule,Medium,Graph/Tree,7.5,8,15,2,58.30439312175759,A,13,21,77.70923408096293,3.111111111111111,241.762061585218,13.431225643623222,0.025903078026987644,8.33,2,1,0,0,3,0,0,0,0,0,18,1,0,False,False
code_samples_n5/problem_023_course_schedule/vibecoder_run3.py,vibecoder,23,3,207,Course Schedule,Medium,Graph/Tree,7.5,8,15,2,58.30439312175759,A,13,21,77.70923408096293,3.111111111111111,241.762061585218,13.431225643623222,0.025903078026987644,8.33,2,1,0,0,3,0,0,0,0,0,18,1,0,False,False
code_samples_n5/problem_023_course_schedule/vibecoder_run4.py,vibecoder,23,4,207,Course Schedule,Medium,Graph/Tree,8.5,9,17,2,58.71139096047524,A,13,21,77.70923408096293,3.111111111111111,241.762061585218,13.431225643623222,0.025903078026987644,8.24,2,1,0,0,3,0,0,0,0,0,17,0,0,False,False
code_samples_n5/problem_023_course_schedule/vibecoder_run5.py,vibecoder,23,5,207,Course Schedule,Medium,Graph/Tree,7.5,8,15,2,58.30439312175759,A,13,21,77.70923408096293,3.111111111111111,241.762061585218,13.431225643623222,0.025903078026987644,8.33,2,1,0,0,3,0,0,0,0,0,18,1,0,False,False
code_samples_n5/problem_023_course_schedule/senior_run1.py,senior,23,1,207,Course Schedule,Medium,Graph/Tree,3.2,6,16,5,72.50327909322822,A,17,23,94.01164534875782,3.125,293.7863917148682,16.32146620638157,0.031337215116252606,3.33,20,1,1,0,22,0,0,0,0,0,73,23,7,True,True
code_samples_n5/problem_023_course_schedule/senior_run2.py,senior,23,2,207,Course Schedule,Medium,Graph/Tree,2.6666666666666665,4,16,6,71.63949599012851,A,19,24,101.95026032264605,2.857142857142857,291.28645806470297,16.18258100359461,0.03398342010754868,1.89,27,1,2,0,30,0,0,0,0,0,97,31,8,True,True
code_samples_n5/problem_023_course_schedule/senior_run3.py,senior,23,3,207,Course Schedule,Medium,Graph/Tree,3.2,6,16,5,72.50327909322822,A,17,23,94.01164534875782,3.125,293.7863917148682,16.32146620638157,0.031337215116252606,3.33,20,1,1,0,22,0,0,0,0,0,73,23,7,True,True
code_samples_n5/problem_023_course_schedule/senior_run4.py,senior,23,4,207,Course Schedule,Medium,Graph/Tree,3.5,6,14,4,80.00644023159401,A,17,23,94.01164534875782,3.125,293.7863917148682,16.32146620638157,0.031337215116252606,2.5,20,1,0,0,21,0,0,0,0,0,71,16,7,True,True
code_samples_n5/problem_023_course_schedule/senior_run5.py,senior,23,5,207,Course Schedule,Medium,Graph/Tree,3.5,6,14,4,74.93174454912203,A,17,23,94.01164534875782,3.125,293.7863917148682,16.32146620638157,0.031337215116252606,4.29,15,1,0,0,16,0,0,0,0,0,58,15,6,True,True
code_samples_n5/problem_024_lowest_common_ancestor_of_a_binary_tree/vibecoder_run1.py,vibecoder,24,1,236,Lowest Common Ancestor of a Binary Tree,Medium,Graph/Tree,4.5,8,18,4,62.57630962564327,A,12,18,64.52932501298082,3.0,193.58797503894246,10.75488750216347,0.02150977500432694,5.83,3,2,0,0,5,0,0,0,0,0,11,1,0,False,False
code_samples_n5/problem_024_lowest_common_ancestor_of_a_binary_tree/vibecoder_run2.py,vibecoder,24,2,236,Lowest Common Ancestor of a Binary Tree,Medium,Graph/Tree,4.5,8,18,4,62.57630962564327,A,12,18,64.52932501298082,3.0,193.58797503894246,10.75488750216347,0.02150977500432694,5.83,3,2,0,0,5,0,0,0,0,0,11,1,0,False,False
code_samples_n5/problem_024_lowest_common_ancestor_of_a_binary_tree/vibecoder_run3.py,vibecoder,24,3,236,Lowest Common Ancestor of a Binary Tree,Medium,Graph/Tree,4.5,8,18,4,62.57630962564327,A,12,18,64.52932501298082,3.0,193.58797503894246,10.75488750216347,0.02150977500432694,5.83,3,2,0,0,5,0,0,0,0,0,11,1,0,False,False
code_samples_n5/problem_024_lowest_common_ancestor_of_a_binary_tree/vibecoder_run4.py,vibecoder,24,4,236,Lowest Common Ancestor of a Binary Tree,Medium,Graph/Tree,4.5,8,18,4,62.57630962564327,A,12,18,64.52932501298082,3.0,193.58797503894246,10.75488750216347,0.02150977500432694,5.83,3,2,0,0,5,0,0,0,0,0,11,1,0,False,True
code_samples_n5/problem_024_lowest_common_ancestor_of_a_binary_tree/vibecoder_run5.py,vibecoder,24,5,236,Lowest Common Ancestor of a Binary Tree,Medium,Graph/Tree,4.5,8,18,4,62.57630962564327,A,12,18,64.52932501298082,3.0,193.58797503894246,10.75488750216347,0.02150977500432694,5.83,3,2,0,0,5,0,0,0,0,0,11,1,0,False,False
code_samples_n5/problem_024_lowest_common_ancestor_of_a_binary_tree/senior_run1.py,senior,24,1,236,Lowest Common Ancestor of a Binary Tree,Medium,Graph/Tree,3.6,7,18,5,75.54346814612227,A,17,27,110.36149671375918,3.75,413.85561267659693,22.99197848203316,0.03678716557125306,3.33,11,3,0,0,14,0,0,0,0,0,48,15,5,True,True
code_samples_n5/problem_024_lowest_common_ancestor_of_a_binary_tree/senior_run2.py,senior,24,2,236,Lowest Common Ancestor of a Binary Tree,Medium,Graph/Tree,3.6,7,18,5,77.45514705103514,A,13,17,62.907475208398566,2.4444444444444446,153.7738282871965,8.542990460399805,0.02096915840279952,3.68,10,2,0,0,12,0,0,0,0,0,45,16,4,True,True
code_samples_n5/problem_024_lowest_common_ancestor_of_a_binary_tree/senior_run3.py,senior,24,3,236,Lowest Common Ancestor of a Binary Tree,Medium,Graph/Tree,3.6,7,18,5,78.60290062950963,A,13,17,62.907475208398566,2.4444444444444446,153.7738282871965,8.542990460399805,0.02096915840279952,3.68,10,2,0,0,12,0,0,0,0,0,46,14,4,True,True
code_samples_n5/problem_024_lowest_common_ancestor_of_a_binary_tree/senior_run4.py,senior,24,4,236,Lowest Common Ancestor of a Binary Tree,Medium,Graph/Tree,3.6,7,18,5,77.0519507039097,A,13,17,62.907475208398566,2.4444444444444446,153.7738282871965,8.542990460399805,0.02096915840279952,4.74,8,2,0,0,10,0,0,0,0,0,44,12,4,True,True
code_samples_n5/problem_024_lowest_common_ancestor_of_a_binary_tree/senior_run5.py,senior,24,5,236,Lowest Common Ancestor of a Binary Tree,Medium,Graph/Tree,3.6,7,18,5,75.99564017123993,A,18,28,116.75790004038474,3.6538461538461537,426.61540399371347,23.700855777428526,0.03891930001346158,4.74,8,2,0,0,10,0,0,0,0,0,44,12,4,True,True
code_samples_n5/problem_025_minimum_height_trees/vibecoder_run1.py,vibecoder,25,1,310,Minimum Height Trees,Medium,Graph/Tree,8.5,9,17,2,58.66549408956179,A,9,15,47.548875021634686,2.5,118.87218755408671,6.604010419671484,0.01584962500721156,8.0,3,1,0,0,4,0,0,0,0,0,19,1,0,False,False
code_samples_n5/problem_025_minimum_height_trees/vibecoder_run2.py,vibecoder,25,2,310,Minimum Height Trees,Medium,Graph/Tree,8.5,9,17,2,58.66549408956179,A,9,15,47.548875021634686,2.5,118.87218755408671,6.604010419671484,0.01584962500721156,7.5,4,1,0,0,5,0,0,0,0,0,18,1,0,False,False
code_samples_n5/problem_025_minimum_height_trees/vibecoder_run3.py,vibecoder,25,3,310,Minimum Height Trees,Medium,Graph/Tree,8.5,9,17,2,58.66549408956179,A,9,15,47.548875021634686,2.5,118.87218755408671,6.604010419671484,0.01584962500721156,7.5,4,1,0,0,5,0,0,0,0,0,18,1,0,False,False
code_samples_n5/problem_025_minimum_height_trees/vibecoder_run4.py,vibecoder,25,4,310,Minimum Height Trees,Medium,Graph/Tree,8.5,9,17,2,58.66549408956179,A,9,15,47.548875021634686,2.5,118.87218755408671,6.604010419671484,0.01584962500721156,7.5,4,1,0,0,5,0,0,0,0,0,18,1,0,False,False
code_samples_n5/problem_025_minimum_height_trees/vibecoder_run5.py,vibecoder,25,5,310,Minimum Height Trees,Medium,Graph/Tree,8.5,9,17,2,58.66549408956179,A,9,15,47.548875021634686,2.5,118.87218755408671,6.604010419671484,0.01584962500721156,8.0,3,1,0,0,4,0,0,0,0,0,19,1,0,False,False
code_samples_n5/problem_025_minimum_height_trees/senior_run1.py,senior,25,1,310,Minimum Height Trees,Medium,Graph/Tree,4.0,6,16,4,77.6752372000643,A,11,18,62.26976913547136,2.25,140.10698055481055,7.78372114193392,0.020756589711823786,3.53,19,1,2,0,22,0,0,0,0,0,66,25,7,True,True
code_samples_n5/problem_025_minimum_height_trees/senior_run2.py,senior,25,2,310,Minimum Height Trees,Medium,Graph/Tree,6.0,11,24,4,74.32846667050312,A,20,30,129.65784284662087,3.3333333333333335,432.19280948873626,24.010711638263125,0.043219280948873624,5.79,15,1,0,0,16,0,0,0,0,0,72,22,9,True,True
code_samples_n5/problem_025_minimum_height_trees/senior_run3.py,senior,25,3,310,Minimum Height Trees,Medium,Graph/Tree,4.0,6,20,5,73.0079073362557,A,16,24,96.0,2.6666666666666665,256.0,14.222222222222221,0.032,4.75,19,1,1,0,21,0,0,0,0,0,82,27,8,True,True
code_samples_n5/problem_025_minimum_height_trees/senior_run4.py,senior,25,4,310,Minimum Height Trees,Medium,Graph/Tree,5.5,11,22,4,74.07332865253376,A,20,25,108.04820237218406,3.4285714285714284,370.4509795617739,20.580609975654106,0.03601606745739469,5.13,17,1,1,0,19,0,0,0,0,0,74,22,11,True,True
code_samples_n5/problem_025_minimum_height_trees/senior_run5.py,senior,25,5,310,Minimum Height Trees,Medium,Graph/Tree,4.25,8,17,4,76.73845732562555,A,13,18,66.60791492653966,2.6666666666666665,177.62110647077242,9.867839248376246,0.022202638308846556,4.84,14,1,1,0,16,0,0,0,0,0,64,19,9,True,True
code_samples_n5/problem_026_rotting_oranges/vibecoder_run1.py,vibecoder,26,1,994,Rotting Oranges,Medium,Graph/Tree,11.5,12,23,2,56.157107281412756,A,25,41,190.3981037807637,5.055555555555555,962.5681913360831,53.476010629782394,0.0634660345935879,8.12,2,1,0,0,3,0,0,0,0,0,16,1,0,False,False
code_samples_n5/problem_026_rotting_oranges/vibecoder_run2.py,vibecoder,26,2,994,Rotting Oranges,Medium,Graph/Tree,12.5,13,25,2,54.69202159302329,A,25,44,204.32967235008786,5.444444444444445,1112.4615494615896,61.803419414532755,0.06810989078336262,7.78,3,1,0,0,4,0,0,0,0,0,17,1,0,False,False
code_samples_n5/problem_026_rotting_oranges/vibecoder_run3.py,vibecoder,26,3,994,Rotting Oranges,Medium,Graph/Tree,12.5,13,25,2,51.15431607583331,A,26,50,235.02198590705464,5.894736842105263,1385.3927590310589,76.96626439061438,0.07834066196901822,8.4,2,2,0,0,4,0,0,0,0,0,25,1,0,False,False
code_samples_n5/problem_026_rotting_oranges/vibecoder_run4.py,vibecoder,26,4,994,Rotting Oranges,Medium,Graph/Tree,11.5,12,23,2,56.157107281412756,A,25,41,190.3981037807637,5.055555555555555,962.5681913360831,53.476010629782394,0.0634660345935879,8.12,2,1,0,0,3,0,0,0,0,0,16,1,0,False,False
code_samples_n5/problem_026_rotting_oranges/vibecoder_run5.py,vibecoder,26,5,994,Rotting Oranges,Medium,Graph/Tree,12.5,13,25,2,51.36385875944937,A,26,53,249.1233050614779,6.2631578947368425,1560.2985948587302,86.68325526992946,0.08304110168715931,6.67,6,2,0,0,8,0,0,0,0,0,20,1,0,False,False
code_samples_n5/problem_026_rotting_oranges/senior_run1.py,senior,26,1,994,Rotting Oranges,Medium,Graph/Tree,5.5,8,22,4,73.5549108995265,A,37,57,296.93884184085016,5.785714285714286,1718.0032992220615,95.44462773455898,0.09897961394695005,3.24,16,5,2,0,23,0,0,0,0,0,69,17,2,True,True
code_samples_n5/problem_026_rotting_oranges/senior_run2.py,senior,26,2,994,Rotting Oranges,Medium,Graph/Tree,9.0,14,27,3,72.6302372337789,A,37,63,328.19556203462383,7.407407407407407,2431.07823729351,135.05990207186167,0.10939852067820795,4.57,15,4,0,0,19,0,0,0,0,0,63,16,5,True,True
code_samples_n5/problem_026_rotting_oranges/senior_run3.py,senior,26,3,994,Rotting Oranges,Medium,Graph/Tree,7.0,10,28,4,72.67025325565167,A,41,67,358.95598430941163,6.774193548387097,2431.637313063756,135.09096183687535,0.11965199476980387,1.95,27,5,1,0,33,0,0,0,0,0,97,21,5,True,True
code_samples_n5/problem_026_rotting_oranges/senior_run4.py,senior,26,4,994,Rotting Oranges,Medium,Graph/Tree,9.0,14,27,3,72.92888456698809,A,37,63,328.19556203462383,7.407407407407407,2431.07823729351,135.05990207186167,0.10939852067820795,4.29,15,4,1,0,20,0,0,0,0,0,59,15,3,True,True
code_samples_n5/problem_026_rotting_oranges/senior_run5.py,senior,26,5,994,Rotting Oranges,Medium,Graph/Tree,6.5,9,26,4,71.22706561167416,A,41,67,358.95598430941163,6.774193548387097,2431.637313063756,135.09096183687535,0.11965199476980387,3.68,17,5,2,0,24,0,0,0,0,0,74,19,5,True,True
code_samples_n5/problem_027_binary_tree_maximum_path_sum/vibecoder_run1.py,vibecoder,27,1,124,Binary Tree Maximum Path Sum,Hard,Graph/Tree,1.5,2,6,4,62.12286813255181,A,8,11,33.0,1.1666666666666667,38.5,2.138888888888889,0.011,5.88,3,2,2,0,7,0,0,0,0,0,16,1,0,False,False
code_samples_n5/problem_027_binary_tree_maximum_path_sum/vibecoder_run2.py,vibecoder,27,2,124,Binary Tree Maximum Path Sum,Hard,Graph/Tree,1.5,2,6,4,62.12286813255181,A,8,11,33.0,1.1666666666666667,38.5,2.138888888888889,0.011,5.88,3,2,2,0,7,0,0,0,0,0,16,1,0,False,False
code_samples_n5/problem_027_binary_tree_maximum_path_sum/vibecoder_run3.py,vibecoder,27,3,124,Binary Tree Maximum Path Sum,Hard,Graph/Tree,1.5,2,6,4,62.12286813255181,A,8,11,33.0,1.1666666666666667,38.5,2.138888888888889,0.011,5.88,3,2,2,0,7,0,0,0,0,0,16,1,0,False,False
code_samples_n5/problem_027_binary_tree_maximum_path_sum/vibecoder_run4.py,vibecoder,27,4,124,Binary Tree Maximum Path Sum,Hard,Graph/Tree,1.5,2,6,4,62.12286813255181,A,8,11,33.0,1.1666666666666667,38.5,2.138888888888889,0.011,5.88,3,2,2,0,7,0,0,0,0,0,16,1,0,False,False
code_samples_n5/problem_027_binary_tree_maximum_path_sum/vibecoder_run5.py,vibecoder,27,5,124,Binary Tree Maximum Path Sum,Hard,Graph/Tree,1.5,2,6,4,62.12286813255181,A,8,11,33.0,1.1666666666666667,38.5,2.138888888888889,0.011,5.88,3,2,2,0,7,0,0,0,0,0,16,1,0,False,False
code_samples_n5/problem_027_binary_tree_maximum_path_sum/senior_run1.py,senior,27,1,124,Binary Tree Maximum Path Sum,Hard,Graph/Tree,2.0,3,10,5,78.20342134117053,A,9,13,41.20902501875006,1.1428571428571428,47.09602859285721,2.6164460329365116,0.013736341672916687,3.81,9,2,2,0,13,0,0,0,0,0,47,16,4,True,True
code_samples_n5/problem_027_binary_tree_maximum_path_sum/senior_run2.py,senior,27,2,124,Binary Tree Maximum Path Sum,Hard,Graph/Tree,2.0,3,10,5,76.59799103594833,A,11,15,51.89147427955947,1.1111111111111112,57.65719364395497,3.203177424664165,0.01729715809318649,3.81,9,2,2,0,13,0,0,0,0,0,50,16,6,True,True
code_samples_n5/problem_027_binary_tree_maximum_path_sum/senior_run3.py,senior,27,3,124,Binary Tree Maximum Path Sum,Hard,Graph/Tree,2.0,3,10,5,75.67346648802362,A,11,15,51.89147427955947,1.1111111111111112,57.65719364395497,3.203177424664165,0.01729715809318649,2.38,12,2,2,0,16,0,0,0,0,0,51,19,6,True,True
code_samples_n5/problem_027_binary_tree_maximum_path_sum/senior_run4.py,senior,27,4,124,Binary Tree Maximum Path Sum,Hard,Graph/Tree,2.0,3,10,5,78.20342134117053,A,9,13,41.20902501875006,1.1428571428571428,47.09602859285721,2.6164460329365116,0.013736341672916687,3.33,10,2,2,0,14,0,0,0,0,0,49,17,6,True,True
code_samples_n5/problem_027_binary_tree_maximum_path_sum/senior_run5.py,senior,27,5,124,Binary Tree Maximum Path Sum,Hard,Graph/Tree,2.0,3,10,5,77.50249412735992,A,11,15,51.89147427955947,1.1111111111111112,57.65719364395497,3.203177424664165,0.01729715809318649,3.81,9,2,2,0,13,0,0,0,0,0,50,16,6,True,True
code_samples_n5/problem_028_serialize_and_deserialize_binary_tree/vibecoder_run1.py,vibecoder,28,1,297,Serialize and Deserialize Binary Tree,Hard,Graph/Tree,1.4,2,7,5,55.238830176392746,A,20,24,103.72627427729671,2.6666666666666665,276.6033980727912,15.366855448488401,0.0345754247590989,7.92,4,1,0,0,5,0,0,0,0,0,23,2,0,False,False
code_samples_n5/problem_028_serialize_and_deserialize_binary_tree/vibecoder_run2.py,vibecoder,28,2,297,Serialize and Deserialize Binary Tree,Hard,Graph/Tree,1.4,2,7,5,57.8495941025872,A,12,14,50.18947501009619,1.5,75.28421251514428,4.182456250841349,0.016729825003365395,7.83,4,1,0,0,5,0,0,0,0,0,21,2,0,False,False
code_samples_n5/problem_028_serialize_and_deserialize_binary_tree/vibecoder_run3.py,vibecoder,28,3,297,Serialize and Deserialize Binary Tree,Hard,Graph/Tree,1.4,2,7,5,57.8495941025872,A,12,14,50.18947501009619,1.5,75.28421251514428,4.182456250841349,0.016729825003365395,7.83,4,1,0,0,5,0,0,0,0,0,21,2,0,False,False
code_samples_n5/problem_028_serialize_and_deserialize_binary_tree/vibecoder_run4.py,vibecoder,28,4,297,Serialize and Deserialize Binary Tree,Hard,Graph/Tree,1.4,2,7,5,57.8495941025872,A,12,14,50.18947501009619,1.5,75.28421251514428,4.182456250841349,0.016729825003365395,8.26,3,1,0,0,4,0,0,0,0,0,21,2,0,False,False
code_samples_n5/problem_028_serialize_and_deserialize_binary_tree/vibecoder_run5.py,vibecoder,28,5,297,Serialize and Deserialize Binary Tree,Hard,Graph/Tree,1.4,2,7,5,57.8495941025872,A,12,14,50.18947501009619,1.5,75.28421251514428,4.182456250841349,0.016729825003365395,8.26,3,1,0,0,4,0,0,0,0,0,21,2,0,False,False
code_samples_n5/problem_028_serialize_and_deserialize_binary_tree/senior_run1.py,senior,28,1,297,Serialize and Deserialize Binary Tree,Hard,Graph/Tree,2.142857142857143,4,15,7,79.78171140349637,A,9,10,31.699250014423125,1.5,47.548875021634686,2.6416041678685938,0.010566416671474375,6.5,12,1,1,0,14,0,0,0,0,0,68,23,0,True,True
code_samples_n5/problem_028_serialize_and_deserialize_binary_tree/senior_run2.py,senior,28,2,297,Serialize and Deserialize Binary Tree,Hard,Graph/Tree,2.2857142857142856,3,16,7,78.5542082655021,A,8,11,33.0,1.0,33.0,1.8333333333333333,0.011,6.67,13,1,0,0,14,0,0,0,0,0,71,23,2,True,True
code_samples_n5/problem_028_serialize_and_deserialize_binary_tree/senior_run3.py,senior,28,3,297,Serialize and Deserialize Binary Tree,Hard,Graph/Tree,2.142857142857143,3,15,7,80.51554049130296,A,9,10,31.699250014423125,1.5,47.548875021634686,2.6416041678685938,0.010566416671474375,6.67,12,1,0,0,13,0,0,0,0,0,67,22,2,True,True
code_samples_n5/problem_028_serialize_and_deserialize_binary_tree/senior_run4.py,senior,28,4,297,Serialize and Deserialize Binary Tree,Hard,Graph/Tree,2.5714285714285716,4,18,7,78.04895618979347,A,8,11,33.0,1.0,33.0,1.8333333333333333,0.011,6.67,14,1,0,0,15,0,0,0,0,0,78,26,0,True,True
code_samples_n5/problem_028_serialize_and_deserialize_binary_tree/senior_run5.py,senior,28,5,297,Serialize and Deserialize Binary Tree,Hard,Graph/Tree,2.142857142857143,3,15,7,80.43353349495841,A,8,11,33.0,1.0,33.0,1.8333333333333333,0.011,6.32,13,1,0,0,14,0,0,0,0,0,65,22,3,True,True
code_samples_n5/problem_029_longest_increasing_path_in_a_matrix/vibecoder_run1.py,vibecoder,29,1,329,Longest Increasing Path in a Matrix,Hard,Graph/Tree,4.5,5,9,2,56.933587201660046,A,27,35,166.4210625757214,4.631578947368421,770.792289824394,42.821793879133,0.05547368752524047,7.06,4,1,0,0,5,0,0,0,0,0,15,0,0,False,False
code_samples_n5/problem_029_longest_increasing_path_in_a_matrix/vibecoder_run2.py,vibecoder,29,2,329,Longest Increasing Path in a Matrix,Hard,Graph/Tree,4.5,5,9,2,56.933587201660046,A,27,35,166.4210625757214,4.631578947368421,770.792289824394,42.821793879133,0.05547368752524047,7.06,4,1,0,0,5,0,0,0,0,0,15,0,0,False,False
code_samples_n5/problem_029_longest_increasing_path_in_a_matrix/vibecoder_run3.py,vibecoder,29,3,329,Longest Increasing Path in a Matrix,Hard,Graph/Tree,5.5,6,11,2,56.26815724496446,A,31,40,198.16785241547504,5.113636363636363,1013.3583362154973,56.2976853453054,0.06605595080515834,7.06,4,1,0,0,5,0,0,0,0,0,15,0,0,False,False
code_samples_n5/problem_029_longest_increasing_path_in_a_matrix/vibecoder_run4.py,vibecoder,29,4,329,Longest Increasing Path in a Matrix,Hard,Graph/Tree,4.5,5,9,2,56.933587201660046,A,27,35,166.4210625757214,4.631578947368421,770.792289824394,42.821793879133,0.05547368752524047,7.06,4,1,0,0,5,0,0,0,0,0,15,0,0,False,False
code_samples_n5/problem_029_longest_increasing_path_in_a_matrix/vibecoder_run5.py,vibecoder,29,5,329,Longest Increasing Path in a Matrix,Hard,Graph/Tree,4.5,5,9,2,56.933587201660046,A,27,35,166.4210625757214,4.631578947368421,770.792289824394,42.821793879133,0.05547368752524047,5.88,6,1,0,0,7,0,0,0,0,0,15,2,0,False,False
code_samples_n5/problem_029_longest_increasing_path_in_a_matrix/senior_run1.py,senior,29,1,329,Longest Increasing Path in a Matrix,Hard,Graph/Tree,3.4,5,17,5,74.74626478720985,A,31,39,193.21365610508815,4.909090909090909,948.5034026977055,52.69463348320586,0.06440455203502939,2.81,19,4,0,0,23,0,0,0,0,0,84,19,6,True,True
code_samples_n5/problem_029_longest_increasing_path_in_a_matrix/senior_run2.py,senior,29,2,329,Longest Increasing Path in a Matrix,Hard,Graph/Tree,4.333333333333333,5,13,3,75.02207620549704,A,32,40,200.0,4.891304347826087,978.2608695652174,54.34782608695652,0.06666666666666667,4.14,14,3,0,0,17,0,0,0,0,0,63,17,4,True,True
code_samples_n5/problem_029_longest_increasing_path_in_a_matrix/senior_run3.py,senior,29,3,329,Longest Increasing Path in a Matrix,Hard,Graph/Tree,3.6,5,18,5,71.41525929282103,A,31,39,193.21365610508815,4.909090909090909,948.5034026977055,52.69463348320586,0.06440455203502939,4.21,17,1,4,0,22,0,0,0,0,0,76,23,7,True,True
code_samples_n5/problem_029_longest_increasing_path_in_a_matrix/senior_run4.py,senior,29,4,329,Longest Increasing Path in a Matrix,Hard,Graph/Tree,3.4,5,17,5,70.51813562488508,A,32,41,205.0,4.891304347826087,1002.7173913043479,55.70652173913044,0.06833333333333333,3.94,15,1,4,0,20,0,0,0,0,0,72,20,8,True,True
code_samples_n5/problem_029_longest_increasing_path_in_a_matrix/senior_run5.py,senior,29,5,329,Longest Increasing Path in a Matrix,Hard,Graph/Tree,4.5,5,18,4,73.84754746608927,A,29,40,194.3192398051029,4.136363636363637,803.775037375653,44.65416874309184,0.0647730799350343,3.67,12,1,6,0,19,0,0,0,0,0,62,18,5,True,True
code_samples_n5/problem_031_longest_substring_without_repeating_characters/vibecoder_run1.py,vibecoder,31,1,3,Longest Substring Without Repeating Characters,Medium,String/Array,4.5,5,9,2,65.57822881621128,A,15,18,70.32403072095333,3.0,210.97209216286,11.720671786825555,0.02344134357365111,6.67,2,1,0,0,3,0,0,0,0,0,9,0,0,False,True
code_samples_n5/problem_031_longest_substring_without_repeating_characters/vibecoder_run2.py,vibecoder,31,2,3,Longest Substring Without Repeating Characters,Medium,String/Array,3.5,4,7,2,63.357214476109085,A,11,18,62.26976913547136,3.4285714285714284,213.49635132161606,11.860908406756447,0.020756589711823786,7.5,2,1,0,0,3,0,0,0,0,0,12,0,0,False,True
code_samples_n5/problem_031_longest_substring_without_repeating_characters/vibecoder_run3.py,vibecoder,31,3,3,Longest Substring Without Repeating Characters,Medium,String/Array,3.5,4,7,2,63.357214476109085,A,11,18,62.26976913547136,3.4285714285714284,213.49635132161606,11.860908406756447,0.020756589711823786,7.5,2,1,0,0,3,0,0,0,0,0,12,0,0,False,False
code_samples_n5/problem_031_longest_substring_without_repeating_characters/vibecoder_run4.py,vibecoder,31,4,3,Longest Substring Without Repeating Characters,Medium,String/Array,4.5,5,9,2,63.567856409259434,A,17,24,98.09910819000817,4.363636363636363,428.06883573821744,23.781601985456525,0.03269970273000272,6.0,3,1,0,0,4,0,0,0,0,0,9,0,0,False,True
code_samples_n5/problem_031_longest_substring_without_repeating_characters/vibecoder_run5.py,vibecoder,31,5,3,Longest Substring Without Repeating Characters,Medium,String/Array,4.5,5,9,2,64.83236938873519,A,14,17,64.72503367497926,4.125,266.99076390928946,14.832820217182748,0.021575011224993085,6.0,3,1,0,0,4,0,0,0,0,0,9,0,0,False,True
code_samples_n5/problem_031_longest_substring_without_repeating_characters/senior_run1.py,senior,31,1,3,Longest Substring Without Repeating Characters,Medium,String/Array,3.3333333333333335,4,10,3,79.08242209809758,A,17,20,81.7492568250068,3.5454545454545454,289.8382741977514,16.102126344319522,0.027249752275002266,4.44,9,1,0,0,10,0,0,0,0,0,34,12,1,True,True
code_samples_n5/problem_031_longest_substring_without_repeating_characters/senior_run2.py,senior,31,2,3,Longest Substring Without Repeating Characters,Medium,String/Array,3.3333333333333335,4,10,3,80.48632132450848,A,12,16,57.359400011538504,2.5,143.39850002884626,7.966583334935903,0.01911980000384617,4.29,11,1,0,0,12,0,0,0,0,0,42,16,2,True,True
code_samples_n5/problem_031_longest_substring_without_repeating_characters/senior_run3.py,senior,31,3,3,Longest Substring Without Repeating Characters,Medium,String/Array,4.0,5,12,3,78.05107844750995,A,18,22,91.73835003173087,3.5,321.08422511105806,17.838012506169893,0.030579450010576957,4.0,11,1,0,0,12,0,0,0,0,0,39,14,3,True,True
code_samples_n5/problem_031_longest_substring_without_repeating_characters/senior_run4.py,senior,31,4,3,Longest Substring Without Repeating Characters,Medium,String/Array,3.0,4,12,4,71.57655089758987,A,18,22,91.73835003173087,3.5,321.08422511105806,17.838012506169893,0.030579450010576957,2.86,12,1,2,0,15,0,0,0,0,0,51,17,5,True,True
code_samples_n5/problem_031_longest_substring_without_repeating_characters/senior_run5.py,senior,31,5,3,Longest Substring Without Repeating Characters,Medium,String/Array,4.0,5,12,3,81.41819186907614,A,18,22,91.73835003173087,3.5,321.08422511105806,17.838012506169893,0.030579450010576957,4.21,10,1,0,0,11,0,0,0,0,0,39,13,3,True,True
code_samples_n5/problem_032_3sum/vibecoder_run1.py,vibecoder,32,1,15,3Sum,Medium,String/Array,11.5,12,23,2,50.56660001587973,A,31,78,386.4273122101763,6.24,2411.3064281915003,133.96146823286114,0.12880910407005877,8.64,2,1,0,0,3,0,0,0,0,0,23,0,0,False,False
code_samples_n5/problem_032_3sum/vibecoder_run2.py,vibecoder,32,2,15,3Sum,Medium,String/Array,11.5,12,23,2,50.56660001587973,A,31,78,386.4273122101763,6.24,2411.3064281915003,133.96146823286114,0.12880910407005877,8.64,2,1,0,0,3,0,0,0,0,0,23,0,0,False,False
code_samples_n5/problem_032_3sum/vibecoder_run3.py,vibecoder,32,3,15,3Sum,Medium,String/Array,11.5,12,23,2,50.56660001587973,A,31,78,386.4273122101763,6.24,2411.3064281915003,133.96146823286114,0.12880910407005877,8.64,2,1,0,0,3,0,0,0,0,0,23,0,0,False,False
code_samples_n5/problem_032_3sum/vibecoder_run4.py,vibecoder,32,4,15,3Sum,Medium,String/Array,11.5,12,23,2,50.56660001587973,A,31,78,386.4273122101763,6.24,2411.3064281915003,133.96146823286114,0.12880910407005877,8.64,2,1,0,0,3,0,0,0,0,0,23,0,0,False,False
code_samples_n5/problem_032_3sum/vibecoder_run5.py,vibecoder,32,5,15,3Sum,Medium,String/Array,11.5,12,23,2,50.56660001587973,A,31,78,386.4273122101763,6.24,2411.3064281915003,133.96146823286114,0.12880910407005877,6.36,7,1,0,0,8,0,0,0,0,0,18,0,0,False,False
code_samples_n5/problem_032_3sum/senior_run1.py,senior,32,1,15,3Sum,Medium,String/Array,8.333333333333334,9,25,3,73.68070551909561,A,36,74,382.5744501067311,7.0,2678.0211507471176,148.7789528192843,0.1275248167022437,3.51,23,1,0,0,24,0,0,0,0,0,69,24,5,True,True
code_samples_n5/problem_032_3sum/senior_run2.py,senior,32,2,15,3Sum,Medium,String/Array,4.5,6,18,4,73.59502428708699,A,42,67,361.28526732617695,6.0,2167.711603957062,120.428422442059,0.12042842244205898,4.1,20,1,2,0,23,0,0,0,0,0,85,26,3,True,True
code_samples_n5/problem_032_3sum/senior_run3.py,senior,32,3,15,3Sum,Medium,String/Array,8.333333333333334,9,25,3,73.68070551909561,A,36,74,382.5744501067311,7.0,2678.0211507471176,148.7789528192843,0.1275248167022437,3.24,23,1,1,0,25,0,0,0,0,0,69,23,5,True,True
code_samples_n5/problem_032_3sum/senior_run4.py,senior,32,4,15,3Sum,Medium,String/Array,5.25,8,21,4,73.72449983521057,A,39,73,385.83436197694414,7.2,2778.0074062339977,154.33374479077764,0.12861145399231472,4.57,16,1,2,0,19,0,0,0,0,0,66,20,3,True,True
code_samples_n5/problem_032_3sum/senior_run5.py,senior,32,5,15,3Sum,Medium,String/Array,8.0,9,24,3,73.57591785960618,A,41,77,412.53150435559246,6.181818181818182,2550.1947541982076,141.67748634434486,0.13751050145186416,4.32,20,1,0,0,21,0,0,0,0,0,69,21,5,True,True
code_samples_n5/problem_033_group_anagrams/vibecoder_run1.py,vibecoder,33,1,49,Group Anagrams,Medium,String/Array,2.5,3,5,2,76.42020806643173,A,3,3,4.754887502163469,0.5,2.3774437510817346,0.1320802083934297,0.0015849625007211565,5.71,2,1,0,0,3,0,0,0,0,0,7,0,0,False,False
code_samples_n5/problem_033_group_anagrams/vibecoder_run2.py,vibecoder,33,2,49,Group Anagrams,Medium,String/Array,2.5,3,5,2,76.42020806643173,A,3,3,4.754887502163469,0.5,2.3774437510817346,0.1320802083934297,0.0015849625007211565,5.71,2,1,0,0,3,0,0,0,0,0,7,0,0,False,False
code_samples_n5/problem_033_group_anagrams/vibecoder_run3.py,vibecoder,33,3,49,Group Anagrams,Medium,String/Array,2.5,3,5,2,76.42020806643173,A,3,3,4.754887502163469,0.5,2.3774437510817346,0.1320802083934297,0.0015849625007211565,5.71,2,1,0,0,3,0,0,0,0,0,7,0,0,False,False
code_samples_n5/problem_033_group_anagrams/vibecoder_run4.py,vibecoder,33,4,49,Group Anagrams,Medium,String/Array,2.5,3,5,2,100.0,A,0,0,0,0,0,0.0,0.0,5.71,2,1,0,0,3,0,0,0,0,0,7,1,0,False,False
code_samples_n5/problem_033_group_anagrams/vibecoder_run5.py,vibecoder,33,5,49,Group Anagrams,Medium,String/Array,3.5,4,7,2,72.9066793577724,A,3,3,4.754887502163469,0.5,2.3774437510817346,0.1320802083934297,0.0015849625007211565,5.56,3,1,0,0,4,0,0,0,0,0,8,0,0,False,False
code_samples_n5/problem_033_group_anagrams/senior_run1.py,senior,33,1,49,Group Anagrams,Medium,String/Array,1.6,2,8,5,81.55875097502417,A,2,2,2.0,0.5,1.0,0.05555555555555555,0.0006666666666666666,5.0,8,1,0,0,9,0,0,0,0,0,46,15,0,True,True
code_samples_n5/problem_033_group_anagrams/senior_run2.py,senior,33,2,49,Group Anagrams,Medium,String/Array,2.2,3,11,5,75.68106542867812,A,4,6,12.0,0.5,6.0,0.3333333333333333,0.004,5.0,10,1,0,0,11,0,0,0,0,0,53,18,1,True,True
code_samples_n5/problem_033_group_anagrams/senior_run3.py,senior,33,3,49,Group Anagrams,Medium,String/Array,3.3333333333333335,5,10,3,86.9227534574027,A,4,6,12.0,0.5,6.0,0.3333333333333333,0.004,4.71,8,1,0,0,9,0,0,0,0,0,34,12,1,True,True
code_samples_n5/problem_033_group_anagrams/senior_run4.py,senior,33,4,49,Group Anagrams,Medium,String/Array,2.4,3,12,5,77.1754237502206,A,4,6,12.0,0.5,6.0,0.3333333333333333,0.004,4.4,13,1,0,0,14,0,0,0,0,0,59,21,4,True,True
code_samples_n5/problem_033_group_anagrams/senior_run5.py,senior,33,5,49,Group Anagrams,Medium,String/Array,2.25,3,9,4,84.06749833066442,A,3,4,6.339850002884625,0.5,3.1699250014423126,0.17610694452457293,0.002113283334294875,5.0,8,1,0,0,9,0,0,0,0,0,42,14,1,True,True
code_samples_n5/problem_034_merge_intervals/vibecoder_run1.py,vibecoder,34,1,56,Merge Intervals,Medium,String/Array,3.5,4,7,2,68.40472779451608,A,5,9,20.89735285398626,1.6666666666666667,34.82892142331043,1.9349400790728017,0.0069657842846620865,7.78,1,1,0,0,2,0,0,0,0,0,10,0,0,False,False
code_samples_n5/problem_034_merge_intervals/vibecoder_run2.py,vibecoder,34,2,56,Merge Intervals,Medium,String/Array,3.5,4,7,2,68.40472779451608,A,5,9,20.89735285398626,1.6666666666666667,34.82892142331043,1.9349400790728017,0.0069657842846620865,7.78,1,1,0,0,2,0,0,0,0,0,10,0,0,False,False
code_samples_n5/problem_034_merge_intervals/vibecoder_run3.py,vibecoder,34,3,56,Merge Intervals,Medium,String/Array,3.5,4,7,2,68.40472779451608,A,5,9,20.89735285398626,1.6666666666666667,34.82892142331043,1.9349400790728017,0.0069657842846620865,7.78,1,1,0,0,2,0,0,0,0,0,10,0,0,False,False
code_samples_n5/problem_034_merge_intervals/vibecoder_run4.py,vibecoder,34,4,56,Merge Intervals,Medium,String/Array,3.5,4,7,2,68.40472779451608,A,5,9,20.89735285398626,1.6666666666666667,34.82892142331043,1.9349400790728017,0.0069657842846620865,7.78,1,1,0,0,2,0,0,0,0,0,10,0,0,False,False
code_samples_n5/problem_034_merge_intervals/vibecoder_run5.py,vibecoder,34,5,56,Merge Intervals,Medium,String/Array,3.5,4,7,2,68.40472779451608,A,5,9,20.89735285398626,1.6666666666666667,34.82892142331043,1.9349400790728017,0.0069657842846620865,7.78,1,1,0,0,2,0,0,0,0,0,10,0,0,False,False
code_samples_n5/problem_034_merge_intervals/senior_run1.py,senior,34,1,56,Merge Intervals,Medium,String/Array,3.0,5,15,5,70.759403609618,A,18,24,100.07820003461549,3.5,350.2737001211542,19.45965000673079,0.0333594000115385,6.0,9,1,0,0,10,0,0,0,0,0,62,18,4,True,True
code_samples_n5/problem_034_merge_intervals/senior_run2.py,senior,34,2,56,Merge Intervals,Medium,String/Array,3.0,5,15,5,69.99885767017213,A,18,24,100.07820003461549,3.5,350.2737001211542,19.45965000673079,0.0333594000115385,6.0,9,1,0,0,10,0,0,0,0,0,63,18,5,True,True
code_samples_n5/problem_034_merge_intervals/senior_run3.py,senior,34,3,56,Merge Intervals,Medium,String/Array,8.5,9,17,2,85.18835700514633,A,19,23,97.70233280920246,3.230769230769231,315.65369061434643,17.536316145241468,0.03256744426973415,5.88,6,1,0,0,7,0,0,0,0,0,31,9,4,True,True
code_samples_n5/problem_034_merge_intervals/senior_run4.py,senior,34,4,56,Merge Intervals,Medium,String/Array,2.6,4,13,5,74.39495185755065,A,11,11,38.053747805010275,2.0,76.10749561002055,4.228194200556697,0.012684582601670092,6.07,10,1,0,0,11,0,0,0,0,0,67,19,6,True,True
code_samples_n5/problem_034_merge_intervals/senior_run5.py,senior,34,5,56,Merge Intervals,Medium,String/Array,2.3333333333333335,4,14,6,70.69236147432751,A,11,11,38.053747805010275,2.0,76.10749561002055,4.228194200556697,0.012684582601670092,6.0,11,1,0,0,12,0,0,0,0,0,75,22,5,True,True
code_samples_n5/problem_035_product_of_array_except_self/vibecoder_run1.py,vibecoder,35,1,238,Product of Array Except Self,Medium,String/Array,3.5,4,7,2,63.07418281802773,A,12,25,89.62406251802891,2.6666666666666665,238.9975000480771,13.277638891559839,0.029874687506009637,7.27,2,1,0,0,3,0,0,0,0,0,11,0,0,False,False
code_samples_n5/problem_035_product_of_array_except_self/vibecoder_run2.py,vibecoder,35,2,238,Product of Array Except Self,Medium,String/Array,3.5,4,7,2,63.07418281802773,A,12,25,89.62406251802891,2.6666666666666665,238.9975000480771,13.277638891559839,0.029874687506009637,7.27,2,1,0,0,3,0,0,0,0,0,11,0,0,False,False
code_samples_n5/problem_035_product_of_array_except_self/vibecoder_run3.py,vibecoder,35,3,238,Product of Array Except Self,Medium,String/Array,3.5,4,7,2,63.07418281802773,A,12,25,89.62406251802891,2.6666666666666665,238.9975000480771,13.277638891559839,0.029874687506009637,7.27,2,1,0,0,3,0,0,0,0,0,11,0,0,False,False
code_samples_n5/problem_035_product_of_array_except_self/vibecoder_run4.py,vibecoder,35,4,238,Product of Array Except Self,Medium,String/Array,3.5,4,7,2,63.07418281802773,A,12,25,89.62406251802891,2.6666666666666665,238.9975000480771,13.277638891559839,0.029874687506009637,7.27,2,1,0,0,3,0,0,0,0,0,11,0,0,False,False
code_samples_n5/problem_035_product_of_array_except_self/vibecoder_run5.py,vibecoder,35,5,238,Product of Array Except Self,Medium,String/Array,3.5,4,7,2,63.07418281802773,A,12,25,89.62406251802891,2.6666666666666665,238.9975000480771,13.277638891559839,0.029874687506009637,7.27,2,1,0,0,3,0,0,0,0,0,11,0,0,False,False
code_samples_n5/problem_035_product_of_array_except_self/senior_run1.py,senior,35,1,238,Product of Array Except Self,Medium,String/Array,4.5,5,9,2,86.53724937208364,A,13,21,77.70923408096293,2.888888888888889,224.49334290055958,12.471852383364421,0.025903078026987644,5.62,6,1,0,0,7,0,0,0,0,0,27,8,2,True,True
code_samples_n5/problem_035_product_of_array_except_self/senior_run2.py,senior,35,2,238,Product of Array Except Self,Medium,String/Array,4.5,5,9,2,83.94413871774564,A,13,21,77.70923408096293,2.888888888888889,224.49334290055958,12.471852383364421,0.025903078026987644,5.62,6,1,0,0,7,0,0,0,0,0,30,10,2,True,True
code_samples_n5/problem_035_product_of_array_except_self/senior_run3.py,senior,35,3,238,Product of Array Except Self,Medium,String/Array,2.25,3,9,4,71.44131151144875,A,16,27,108.0,2.8333333333333335,306.0,17.0,0.036,4.44,9,1,0,0,10,0,0,0,0,0,46,14,5,True,True
code_samples_n5/problem_035_product_of_array_except_self/senior_run4.py,senior,35,4,238,Product of Array Except Self,Medium,String/Array,4.5,5,9,2,85.76008876315852,A,13,21,77.70923408096293,2.888888888888889,224.49334290055958,12.471852383364421,0.025903078026987644,5.62,6,1,0,0,7,0,0,0,0,0,29,9,2,True,True
code_samples_n5/problem_035_product_of_array_except_self/senior_run5.py,senior,35,5,238,Product of Array Except Self,Medium,String/Array,2.5,3,10,4,66.88726410489018,A,22,33,147.1612434150308,3.9375,579.4473959466839,32.191521997037995,0.04905374780501027,3.89,10,1,0,0,11,0,0,0,0,0,48,14,5,True,True
code_samples_n5/problem_036_subarray_sum_equals_k/vibecoder_run1.py,vibecoder,36,1,560,Subarray Sum Equals K,Medium,String/Array,2.5,3,5,2,67.71588657234646,A,9,12,38.03910001730775,1.1428571428571428,43.47325716263743,2.415180953479857,0.012679700005769252,6.25,2,1,0,0,3,0,0,0,0,0,8,0,0,False,False
code_samples_n5/problem_036_subarray_sum_equals_k/vibecoder_run2.py,vibecoder,36,2,560,Subarray Sum Equals K,Medium,String/Array,4.5,5,9,2,67.69291899960024,A,7,9,25.26619429851844,1.2,30.319433158222125,1.6844129532345624,0.008422064766172813,7.0,2,1,0,0,3,0,0,0,0,0,10,0,0,False,False
code_samples_n5/problem_036_subarray_sum_equals_k/vibecoder_run3.py,vibecoder,36,3,560,Subarray Sum Equals K,Medium,String/Array,2.5,3,5,2,67.71588657234646,A,9,12,38.03910001730775,1.1428571428571428,43.47325716263743,2.415180953479857,0.012679700005769252,6.25,2,1,0,0,3,0,0,0,0,0,8,0,0,False,False
code_samples_n5/problem_036_subarray_sum_equals_k/vibecoder_run4.py,vibecoder,36,4,560,Subarray Sum Equals K,Medium,String/Array,4.5,5,9,2,67.69291899960024,A,7,9,25.26619429851844,1.2,30.319433158222125,1.6844129532345624,0.008422064766172813,7.0,2,1,0,0,3,0,0,0,0,0,10,0,0,False,False
code_samples_n5/problem_036_subarray_sum_equals_k/vibecoder_run5.py,vibecoder,36,5,560,Subarray Sum Equals K,Medium,String/Array,2.5,3,5,2,66.717734318746,A,9,12,38.03910001730775,1.1428571428571428,43.47325716263743,2.415180953479857,0.012679700005769252,6.67,2,1,0,0,3,0,0,0,0,0,9,0,0,False,False
code_samples_n5/problem_036_subarray_sum_equals_k/senior_run1.py,senior,36,1,560,Subarray Sum Equals K,Medium,String/Array,3.0,4,9,3,80.3529079300494,A,15,18,70.32403072095333,2.1818181818181817,153.43424884571635,8.52412493587313,0.02344134357365111,3.68,11,1,0,0,12,0,0,0,0,0,43,14,2,True,True
code_samples_n5/problem_036_subarray_sum_equals_k/senior_run2.py,senior,36,2,560,Subarray Sum Equals K,Medium,String/Array,4.0,5,12,3,76.77698362278355,A,16,21,84.0,2.1666666666666665,182.0,10.11111111111111,0.028,5.24,9,1,0,0,10,0,0,0,0,0,45,14,3,True,True
code_samples_n5/problem_036_subarray_sum_equals_k/senior_run3.py,senior,36,3,560,Subarray Sum Equals K,Medium,String/Array,2.25,3,9,4,68.6548726782502,A,14,17,64.72503367497926,2.2,142.3950740849544,7.9108374491641325,0.021575011224993085,3.5,12,1,0,0,13,0,0,0,0,0,50,17,2,True,True
code_samples_n5/problem_036_subarray_sum_equals_k/senior_run4.py,senior,36,4,560,Subarray Sum Equals K,Medium,String/Array,2.5,3,10,4,74.93118395076696,A,16,20,80.0,2.1666666666666665,173.33333333333331,9.629629629629628,0.02666666666666667,4.76,10,1,0,0,11,0,0,0,0,0,50,17,2,True,True
code_samples_n5/problem_036_subarray_sum_equals_k/senior_run5.py,senior,36,5,560,Subarray Sum Equals K,Medium,String/Array,3.0,4,9,3,77.40924565781425,A,15,18,70.32403072095333,2.1818181818181817,153.43424884571635,8.52412493587313,0.02344134357365111,4.71,8,1,0,0,9,0,0,0,0,0,39,14,2,True,True
code_samples_n5/problem_037_median_of_two_sorted_arrays/vibecoder_run1.py,vibecoder,37,1,4,Median of Two Sorted Arrays,Hard,String/Array,11.5,12,23,2,52.53928224280907,A,34,72,366.2973245700245,8.64,3164.808884285012,175.8227157936118,0.12209910819000816,7.22,2,3,0,0,5,0,0,0,0,0,19,0,0,False,False
code_samples_n5/problem_037_median_of_two_sorted_arrays/vibecoder_run2.py,vibecoder,37,2,4,Median of Two Sorted Arrays,Hard,String/Array,11.5,12,23,2,52.390250138366476,A,35,75,384.6962262708725,8.653846153846153,3329.1019581133196,184.9501087840733,0.12823207542362416,7.22,2,3,0,0,5,0,0,0,0,0,19,0,0,False,False
code_samples_n5/problem_037_median_of_two_sorted_arrays/vibecoder_run3.py,vibecoder,37,3,4,Median of Two Sorted Arrays,Hard,String/Array,11.5,12,23,2,52.53928224280907,A,34,72,366.2973245700245,8.64,3164.808884285012,175.8227157936118,0.12209910819000816,7.22,2,3,0,0,5,0,0,0,0,0,19,0,0,False,False
code_samples_n5/problem_037_median_of_two_sorted_arrays/vibecoder_run4.py,vibecoder,37,4,4,Median of Two Sorted Arrays,Hard,String/Array,11.5,12,23,2,52.390250138366476,A,35,75,384.6962262708725,8.653846153846153,3329.1019581133196,184.9501087840733,0.12823207542362416,7.22,2,3,0,0,5,0,0,0,0,0,19,0,0,False,False
code_samples_n5/problem_037_median_of_two_sorted_arrays/vibecoder_run5.py,vibecoder,37,5,4,Median of Two Sorted Arrays,Hard,String/Array,11.5,12,23,2,52.390250138366476,A,35,75,384.6962262708725,8.653846153846153,3329.1019581133196,184.9501087840733,0.12823207542362416,7.22,2,3,0,0,5,0,0,0,0,0,19,0,0,False,False
code_samples_n5/problem_037_median_of_two_sorted_arrays/senior_run1.py,senior,37,1,4,Median of Two Sorted Arrays,Hard,String/Array,3.1666666666666665,5,19,6,66.50989579050231,A,46,70,386.6493369239909,7.228571428571429,2794.9223497648486,155.27346387582492,0.12888311230799698,4.74,15,5,0,0,20,0,0,0,0,0,100,26,9,True,True
code_samples_n5/problem_037_median_of_two_sorted_arrays/senior_run2.py,senior,37,2,4,Median of Two Sorted Arrays,Hard,String/Array,3.1666666666666665,5,19,6,66.8861259821988,A,46,70,386.6493369239909,7.228571428571429,2794.9223497648486,155.27346387582492,0.12888311230799698,5.26,13,5,0,0,18,0,0,0,0,0,98,24,7,True,True
code_samples_n5/problem_037_median_of_two_sorted_arrays/senior_run3.py,senior,37,3,4,Median of Two Sorted Arrays,Hard,String/Array,3.1666666666666665,5,19,6,66.50989579050231,A,46,70,386.6493369239909,7.228571428571429,2794.9223497648486,155.27346387582492,0.12888311230799698,4.74,15,5,0,0,20,0,0,0,0,0,99,25,8,True,True
code_samples_n5/problem_037_median_of_two_sorted_arrays/senior_run4.py,senior,37,4,4,Median of Two Sorted Arrays,Hard,String/Array,5.25,9,21,4,70.37172759361431,A,42,79,425.99307639952207,8.125,3461.1937457461167,192.28854143033982,0.14199769213317404,4.71,13,5,0,0,18,0,0,0,0,0,73,19,7,True,True
code_samples_n5/problem_037_median_of_two_sorted_arrays/senior_run5.py,senior,37,5,4,Median of Two Sorted Arrays,Hard,String/Array,5.25,9,21,4,69.12876205619202,A,42,79,425.99307639952207,8.125,3461.1937457461167,192.28854143033982,0.14199769213317404,4.41,14,4,1,0,19,0,0,0,0,0,72,19,6,True,True
code_samples_n5/problem_038_first_missing_positive/vibecoder_run1.py,vibecoder,38,1,41,First Missing Positive,Hard,String/Array,8.5,9,17,2,58.9673903215326,A,17,32,130.79881092001088,5.7272727272727275,749.1204625418806,41.61780347454892,0.04359960364000363,7.86,2,1,0,0,3,0,0,0,0,0,14,0,0,False,False
code_samples_n5/problem_038_first_missing_positive/vibecoder_run2.py,vibecoder,38,2,41,First Missing Positive,Hard,String/Array,8.5,9,17,2,58.9673903215326,A,17,32,130.79881092001088,5.7272727272727275,749.1204625418806,41.61780347454892,0.04359960364000363,7.86,2,1,0,0,3,0,0,0,0,0,14,0,0,False,False
code_samples_n5/problem_038_first_missing_positive/vibecoder_run3.py,vibecoder,38,3,41,First Missing Positive,Hard,String/Array,8.5,9,17,2,58.9673903215326,A,17,32,130.79881092001088,5.7272727272727275,749.1204625418806,41.61780347454892,0.04359960364000363,7.86,2,1,0,0,3,0,0,0,0,0,14,0,0,False,False
code_samples_n5/problem_038_first_missing_positive/vibecoder_run4.py,vibecoder,38,4,41,First Missing Positive,Hard,String/Array,8.5,9,17,2,58.9673903215326,A,17,32,130.79881092001088,5.7272727272727275,749.1204625418806,41.61780347454892,0.04359960364000363,7.86,2,1,0,0,3,0,0,0,0,0,14,0,0,False,False
code_samples_n5/problem_038_first_missing_positive/vibecoder_run5.py,vibecoder,38,5,41,First Missing Positive,Hard,String/Array,8.5,9,17,2,58.9673903215326,A,17,32,130.79881092001088,5.7272727272727275,749.1204625418806,41.61780347454892,0.04359960364000363,7.86,2,1,0,0,3,0,0,0,0,0,14,0,0,False,False
code_samples_n5/problem_038_first_missing_positive/senior_run1.py,senior,38,1,41,First Missing Positive,Hard,String/Array,10.5,11,21,2,82.01846560151589,A,20,34,146.94555522617034,5.923076923076923,870.3698271088551,48.353879283825286,0.048981851742056784,4.74,9,1,0,0,10,0,0,0,0,0,33,11,6,True,True
code_samples_n5/problem_038_first_missing_positive/senior_run2.py,senior,38,2,41,First Missing Positive,Hard,String/Array,3.4,5,17,5,65.17511161505344,A,28,41,197.10155180436175,6.394736842105263,1260.4125549594712,70.02291971997062,0.06570051726812058,5.0,13,1,0,0,14,0,0,0,0,0,71,21,7,True,True
code_samples_n5/problem_038_first_missing_positive/senior_run3.py,senior,38,3,41,First Missing Positive,Hard,String/Array,2.6,4,13,5,68.18975173427293,A,23,31,140.2304206377674,4.375,613.5080902902323,34.0837827939018,0.04674347354592247,4.58,12,1,0,0,13,0,0,0,0,0,64,19,6,True,True
code_samples_n5/problem_038_first_missing_positive/senior_run4.py,senior,38,4,41,First Missing Positive,Hard,String/Array,2.6,4,13,5,69.73935942666391,A,23,31,140.2304206377674,4.375,613.5080902902323,34.0837827939018,0.04674347354592247,4.58,12,1,0,0,13,0,0,0,0,0,62,18,5,True,True
code_samples_n5/problem_038_first_missing_positive/senior_run5.py,senior,38,5,41,First Missing Positive,Hard,String/Array,10.5,11,21,2,76.95886750526734,A,25,37,171.8226790216648,6.75,1159.8030833962375,64.4335046331243,0.057274226340554936,5.0,8,1,0,0,9,0,0,0,0,0,36,11,6,True,True
code_samples_n5/problem_039_minimum_window_substring/vibecoder_run1.py,vibecoder,39,1,76,Minimum Window Substring,Hard,String/Array,10.5,11,21,2,50.69353158695333,A,28,55,264.4045207131682,7.2,1903.712549134811,105.76180828526728,0.08813484023772274,7.2,6,1,0,0,7,0,0,0,0,0,22,1,0,False,True
code_samples_n5/problem_039_minimum_window_substring/vibecoder_run2.py,vibecoder,39,2,76,Minimum Window Substring,Hard,String/Array,8.5,9,17,2,51.533934838983754,A,24,54,247.5879750389425,6.0,1485.527850233655,82.52932501298083,0.08252932501298083,8.33,3,1,0,0,4,0,0,0,0,0,24,0,0,False,True
code_samples_n5/problem_039_minimum_window_substring/vibecoder_run3.py,vibecoder,39,3,76,Minimum Window Substring,Hard,String/Array,12.5,13,25,2,48.77431810596927,A,40,76,404.4665352114396,7.258064516129032,2935.6442071798033,163.09134484332242,0.1348221784038132,8.46,3,1,0,0,4,0,0,0,0,0,25,1,0,False,True
code_samples_n5/problem_039_minimum_window_substring/vibecoder_run4.py,vibecoder,39,4,76,Minimum Window Substring,Hard,String/Array,12.5,13,25,2,48.77431810596927,A,40,76,404.4665352114396,7.258064516129032,2935.6442071798033,163.09134484332242,0.1348221784038132,8.46,3,1,0,0,4,0,0,0,0,0,25,1,0,False,True
code_samples_n5/problem_039_minimum_window_substring/vibecoder_run5.py,vibecoder,39,5,76,Minimum Window Substring,Hard,String/Array,11.5,12,23,2,48.7517124005865,A,37,73,380.29009569091335,7.714285714285714,2933.6664524727603,162.98146958182002,0.12676336523030446,7.78,5,1,0,0,6,0,0,0,0,0,24,1,0,False,True
code_samples_n5/problem_039_minimum_window_substring/senior_run1.py,senior,39,1,76,Minimum Window Substring,Hard,String/Array,13.5,14,27,2,74.46774294665873,A,42,73,393.63917186284954,7.5,2952.2937889713717,164.01632160952065,0.1312130572876165,4.86,17,1,1,0,19,0,0,0,0,0,58,19,11,True,True
code_samples_n5/problem_039_minimum_window_substring/senior_run2.py,senior,39,2,76,Minimum Window Substring,Hard,String/Array,13.5,14,27,2,75.1020999720017,A,42,73,393.63917186284954,7.5,2952.2937889713717,164.01632160952065,0.1312130572876165,5.0,16,1,0,0,17,0,0,0,0,0,55,18,11,True,True
code_samples_n5/problem_039_minimum_window_substring/senior_run3.py,senior,39,3,76,Minimum Window Substring,Hard,String/Array,13.5,14,27,2,75.46216237142457,A,42,74,399.0314892856283,6.681818181818182,2666.255860226698,148.1253255681499,0.13301049642854276,5.15,14,1,1,0,16,0,0,0,0,0,51,15,10,True,True
code_samples_n5/problem_039_minimum_window_substring/senior_run4.py,senior,39,4,76,Minimum Window Substring,Hard,String/Array,13.5,14,27,2,75.46190417448099,A,42,74,399.0314892856283,6.681818181818182,2666.255860226698,148.1253255681499,0.13301049642854276,3.94,18,1,1,0,20,0,0,0,0,0,55,17,12,True,True
code_samples_n5/problem_039_minimum_window_substring/senior_run5.py,senior,39,5,76,Minimum Window Substring,Hard,String/Array,13.5,14,27,2,75.43602044252121,A,42,74,399.0314892856283,6.681818181818182,2666.255860226698,148.1253255681499,0.13301049642854276,4.85,15,1,1,0,17,0,0,0,0,0,52,16,11,True,True
code_samples_n5/problem_040_sliding_window_maximum/vibecoder_run1.py,vibecoder,40,1,239,Sliding Window Maximum,Hard,String/Array,7.5,8,15,2,60.17191266641977,A,16,23,92.0,3.409090909090909,313.6363636363636,17.424242424242422,0.030666666666666665,7.14,3,1,0,0,4,0,0,0,0,0,14,1,0,False,False
code_samples_n5/problem_040_sliding_window_maximum/vibecoder_run2.py,vibecoder,40,2,239,Sliding Window Maximum,Hard,String/Array,6.5,7,13,2,60.803044448760325,A,15,20,78.13781191217038,3.25,253.94788871455373,14.10821603969743,0.026045937304056792,7.14,3,1,0,0,4,0,0,0,0,0,14,1,0,False,False
code_samples_n5/problem_040_sliding_window_maximum/vibecoder_run3.py,vibecoder,40,3,239,Sliding Window Maximum,Hard,String/Array,6.5,7,13,2,60.73142266662493,A,16,20,80.0,3.9,312.0,17.333333333333332,0.02666666666666667,7.14,3,1,0,0,4,0,0,0,0,0,14,1,0,False,False
code_samples_n5/problem_040_sliding_window_maximum/vibecoder_run4.py,vibecoder,40,4,239,Sliding Window Maximum,Hard,String/Array,6.5,7,13,2,60.803044448760325,A,15,20,78.13781191217038,3.25,253.94788871455373,14.10821603969743,0.026045937304056792,7.14,3,1,0,0,4,0,0,0,0,0,14,1,0,False,False
code_samples_n5/problem_040_sliding_window_maximum/vibecoder_run5.py,vibecoder,40,5,239,Sliding Window Maximum,Hard,String/Array,7.5,8,15,2,59.61621457191907,A,19,26,110.44611534953322,4.958333333333333,547.6286552747688,30.4238141819316,0.03681537178317774,7.14,3,1,0,0,4,0,0,0,0,0,14,1,0,False,False
code_samples_n5/problem_040_sliding_window_maximum/senior_run1.py,senior,40,1,239,Sliding Window Maximum,Hard,String/Array,4.25,6,17,4,69.68543790014267,A,29,35,170.02933482946506,4.380952380952381,744.8904192528946,41.38280106960526,0.05667644494315502,4.35,12,1,0,0,13,0,0,0,0,0,54,17,4,True,True
code_samples_n5/problem_040_sliding_window_maximum/senior_run2.py,senior,40,2,239,Sliding Window Maximum,Hard,String/Array,4.5,7,18,4,72.75183116637066,A,29,37,179.74529681972018,6.315789473684211,1135.2334535982327,63.06852519990181,0.05991509893990673,4.44,14,1,0,0,15,0,0,0,0,0,57,19,4,True,True
code_samples_n5/problem_040_sliding_window_maximum/senior_run3.py,senior,40,3,239,Sliding Window Maximum,Hard,String/Array,10.5,11,21,2,81.37405422761461,A,24,34,155.88872502451935,5.5,857.3879876348564,47.63266597971424,0.05196290834150645,4.29,11,1,0,0,12,0,0,0,0,0,38,14,5,True,True
code_samples_n5/problem_040_sliding_window_maximum/senior_run4.py,senior,40,4,239,Sliding Window Maximum,Hard,String/Array,3.6,5,18,5,67.61088524444408,A,36,41,211.9669250591348,5.94,1259.0835348512608,69.94908526951448,0.07065564168637826,4.64,14,1,0,0,15,0,0,0,0,0,66,21,6,True,True
code_samples_n5/problem_040_sliding_window_maximum/senior_run5.py,senior,40,5,239,Sliding Window Maximum,Hard,String/Array,11.5,12,23,2,79.61112222026009,A,27,38,180.68572508221183,7.352941176470588,1328.57150795744,73.80952821985778,0.06022857502740395,4.29,11,1,0,0,12,0,0,0,0,0,40,14,7,True,True
code_samples_n5/problem_041_letter_combinations_of_a_phone_number/vibecoder_run1.py,vibecoder,41,1,17,Letter Combinations of a Phone Number,Medium,Backtracking,4.5,5,9,2,77.51969689232453,A,2,2,2.0,0.5,1.0,0.05555555555555555,0.0006666666666666666,0.0,3,1,0,1,5,0,0,0,0,0,6,1,0,False,True
code_samples_n5/problem_041_letter_combinations_of_a_phone_number/vibecoder_run2.py,vibecoder,41,2,17,Letter Combinations of a Phone Number,Medium,Backtracking,5.5,6,11,2,69.9231433836921,A,5,5,11.60964047443681,1.0,11.60964047443681,0.6449800263576005,0.0038698801581456034,5.56,3,1,0,0,4,0,0,0,0,0,8,0,0,False,False
code_samples_n5/problem_041_letter_combinations_of_a_phone_number/vibecoder_run3.py,vibecoder,41,3,17,Letter Combinations of a Phone Number,Medium,Backtracking,4.5,5,9,2,77.51969689232453,A,2,2,2.0,0.5,1.0,0.05555555555555555,0.0006666666666666666,0.0,3,1,0,1,5,0,0,0,0,0,6,1,0,False,True
code_samples_n5/problem_041_letter_combinations_of_a_phone_number/vibecoder_run4.py,vibecoder,41,4,17,Letter Combinations of a Phone Number,Medium,Backtracking,4.5,5,9,2,77.51969689232453,A,2,2,2.0,0.5,1.0,0.05555555555555555,0.0006666666666666666,4.29,3,1,0,0,4,0,0,0,0,0,6,1,0,False,False
code_samples_n5/problem_041_letter_combinations_of_a_phone_number/vibecoder_run5.py,vibecoder,41,5,17,Letter Combinations of a Phone Number,Medium,Backtracking,5.5,6,11,2,69.9231433836921,A,5,5,11.60964047443681,1.0,11.60964047443681,0.6449800263576005,0.0038698801581456034,5.56,3,1,0,0,4,0,0,0,0,0,8,0,0,False,False
code_samples_n5/problem_041_letter_combinations_of_a_phone_number/senior_run1.py,senior,41,1,17,Letter Combinations of a Phone Number,Medium,Backtracking,4.0,5,12,3,86.02938886973342,A,10,11,36.541209043760986,2.3333333333333335,85.26282110210897,4.736823394561609,0.012180403014586996,3.91,11,3,0,0,14,0,0,0,0,0,73,13,4,True,True
code_samples_n5/problem_041_letter_combinations_of_a_phone_number/senior_run2.py,senior,41,2,17,Letter Combinations of a Phone Number,Medium,Backtracking,4.5,5,9,2,86.94509035212488,A,12,14,50.18947501009619,2.25,112.92631877271643,6.273684376262024,0.016729825003365395,4.0,11,1,0,0,12,0,0,0,0,0,51,12,4,True,True
code_samples_n5/problem_041_letter_combinations_of_a_phone_number/senior_run3.py,senior,41,3,17,Letter Combinations of a Phone Number,Medium,Backtracking,2.5,3,5,2,87.61700059331166,A,12,14,50.18947501009619,2.25,112.92631877271643,6.273684376262024,0.016729825003365395,3.68,11,1,0,0,12,0,0,0,0,0,45,12,4,True,True
code_samples_n5/problem_041_letter_combinations_of_a_phone_number/senior_run4.py,senior,41,4,17,Letter Combinations of a Phone Number,Medium,Backtracking,4.5,5,9,2,86.94509035212488,A,12,14,50.18947501009619,2.25,112.92631877271643,6.273684376262024,0.016729825003365395,4.0,11,1,0,0,12,0,0,0,0,0,51,12,4,True,True
code_samples_n5/problem_041_letter_combinations_of_a_phone_number/senior_run5.py,senior,41,5,17,Letter Combinations of a Phone Number,Medium,Backtracking,2.5,3,5,2,89.61174431172437,A,9,11,34.86917501586544,1.75,61.021056277764515,3.3900586820980285,0.011623058338621813,4.12,9,1,0,0,10,0,0,0,0,0,42,10,3,True,True
code_samples_n5/problem_042_generate_parentheses/vibecoder_run1.py,vibecoder,42,1,22,Generate Parentheses,Medium,Backtracking,1.5,2,3,2,61.701684234881185,A,14,24,91.37651812938249,3.2,292.404858014024,16.244714334112444,0.03045883937646083,7.69,2,1,0,0,3,0,0,0,0,0,13,0,0,False,False
code_samples_n5/problem_042_generate_parentheses/vibecoder_run2.py,vibecoder,42,2,22,Generate Parentheses,Medium,Backtracking,1.5,2,3,2,61.701684234881185,A,14,24,91.37651812938249,3.2,292.404858014024,16.244714334112444,0.03045883937646083,7.69,2,1,0,0,3,0,0,0,0,0,13,0,0,False,False
code_samples_n5/problem_042_generate_parentheses/vibecoder_run3.py,vibecoder,42,3,22,Generate Parentheses,Medium,Backtracking,1.5,2,3,2,61.701684234881185,A,14,24,91.37651812938249,3.2,292.404858014024,16.244714334112444,0.03045883937646083,7.69,2,1,0,0,3,0,0,0,0,0,13,0,0,False,False
code_samples_n5/problem_042_generate_parentheses/vibecoder_run4.py,vibecoder,42,4,22,Generate Parentheses,Medium,Backtracking,1.5,2,3,2,61.701684234881185,A,14,24,91.37651812938249,3.2,292.404858014024,16.244714334112444,0.03045883937646083,7.69,2,1,0,0,3,0,0,0,0,0,13,0,0,False,False
code_samples_n5/problem_042_generate_parentheses/vibecoder_run5.py,vibecoder,42,5,22,Generate Parentheses,Medium,Backtracking,1.5,2,3,2,61.701684234881185,A,14,24,91.37651812938249,3.2,292.404858014024,16.244714334112444,0.03045883937646083,7.69,2,1,0,0,3,0,0,0,0,0,13,0,0,False,False
code_samples_n5/problem_042_generate_parentheses/senior_run1.py,senior,42,1,22,Generate Parentheses,Medium,Backtracking,4.25,5,17,4,77.7197897030906,A,23,48,217.13097389073664,4.444444444444445,965.0265506254963,53.6125861458609,0.07237699129691222,2.86,17,3,0,0,20,0,0,0,0,0,84,18,5,True,True
code_samples_n5/problem_042_generate_parentheses/senior_run2.py,senior,42,2,22,Generate Parentheses,Medium,Backtracking,4.0,5,12,3,85.00464764362539,A,16,30,120.0,3.3333333333333335,400.0,22.22222222222222,0.04,3.89,8,3,0,0,11,0,0,0,0,0,64,12,3,True,True
code_samples_n5/problem_042_generate_parentheses/senior_run3.py,senior,42,3,22,Generate Parentheses,Medium,Backtracking,4.333333333333333,5,13,3,84.65193437606342,A,15,33,128.92738965508113,4.0,515.7095586203245,28.650531034462475,0.04297579655169371,3.89,8,3,0,0,11,0,0,0,0,0,64,12,3,True,True
code_samples_n5/problem_042_generate_parentheses/senior_run4.py,senior,42,4,22,Generate Parentheses,Medium,Backtracking,4.25,5,17,4,78.59490536748967,A,23,48,217.13097389073664,4.444444444444445,965.0265506254963,53.6125861458609,0.07237699129691222,5.0,11,3,0,0,14,0,0,0,0,0,83,17,5,True,True
code_samples_n5/problem_042_generate_parentheses/senior_run5.py,senior,42,5,22,Generate Parentheses,Medium,Backtracking,4.0,5,12,3,85.00464764362539,A,16,30,120.0,3.3333333333333335,400.0,22.22222222222222,0.04,4.44,7,3,0,0,10,0,0,0,0,0,64,11,3,True,True
code_samples_n5/problem_043_combination_sum/vibecoder_run1.py,vibecoder,43,1,39,Combination Sum,Medium,Backtracking,1.5,2,3,2,62.05745523195814,A,12,18,64.52932501298082,3.0,193.58797503894246,10.75488750216347,0.02150977500432694,6.43,4,1,0,0,5,0,0,0,0,0,12,0,0,False,False
code_samples_n5/problem_043_combination_sum/vibecoder_run2.py,vibecoder,43,2,39,Combination Sum,Medium,Backtracking,1.5,2,3,2,60.69601225201207,A,13,18,66.60791492653966,3.75,249.77968097452373,13.876648943029096,0.022202638308846556,8.0,2,1,0,0,3,0,0,0,0,0,15,0,0,False,False
code_samples_n5/problem_043_combination_sum/vibecoder_run3.py,vibecoder,43,3,39,Combination Sum,Medium,Backtracking,1.5,2,3,2,60.60939713975938,A,14,18,68.53238859703687,4.5,308.3957486866659,17.133097149259218,0.022844129532345624,8.0,2,1,0,0,3,0,0,0,0,0,15,0,0,False,False
code_samples_n5/problem_043_combination_sum/vibecoder_run4.py,vibecoder,43,4,39,Combination Sum,Medium,Backtracking,1.5,2,3,2,65.15976973742103,A,6,9,23.264662506490403,3.0,69.79398751947122,3.877443751081734,0.007754887502163467,5.71,4,1,1,0,6,0,0,0,0,0,10,0,0,False,False
code_samples_n5/problem_043_combination_sum/vibecoder_run5.py,vibecoder,43,5,39,Combination Sum,Medium,Backtracking,1.5,2,3,2,60.69601225201207,A,13,18,66.60791492653966,3.75,249.77968097452373,13.876648943029096,0.022202638308846556,8.0,2,1,0,0,3,0,0,0,0,0,15,0,0,False,False
code_samples_n5/problem_043_combination_sum/senior_run1.py,senior,43,1,39,Combination Sum,Medium,Backtracking,4.333333333333333,5,13,3,83.85746873364798,A,15,20,78.13781191217038,5.6875,444.408805250469,24.6893780694705,0.026045937304056792,0.0,22,3,0,0,25,0,0,0,0,0,66,16,7,True,True
code_samples_n5/problem_043_combination_sum/senior_run2.py,senior,43,2,39,Combination Sum,Medium,Backtracking,4.0,5,12,3,85.12192057478195,A,14,17,64.72503367497926,4.125,266.99076390928946,14.832820217182748,0.021575011224993085,0.0,21,3,0,0,24,0,0,0,0,0,64,15,7,True,True
code_samples_n5/problem_043_combination_sum/senior_run3.py,senior,43,3,39,Combination Sum,Medium,Backtracking,4.333333333333333,5,13,3,83.85746873364798,A,15,20,78.13781191217038,5.6875,444.408805250469,24.6893780694705,0.026045937304056792,0.0,22,3,0,0,25,0,0,0,0,0,66,15,7,True,True
code_samples_n5/problem_043_combination_sum/senior_run4.py,senior,43,4,39,Combination Sum,Medium,Backtracking,4.0,5,12,3,85.71166547635185,A,14,17,64.72503367497926,4.125,266.99076390928946,14.832820217182748,0.021575011224993085,0.0,21,3,0,0,24,0,0,0,0,0,64,15,7,True,True
code_samples_n5/problem_043_combination_sum/senior_run5.py,senior,43,5,39,Combination Sum,Medium,Backtracking,4.0,5,12,3,85.2293149773894,A,14,17,64.72503367497926,4.125,266.99076390928946,14.832820217182748,0.021575011224993085,0.0,21,3,0,0,24,0,0,0,0,0,65,14,8,True,True
code_samples_n5/problem_044_permutations/vibecoder_run1.py,vibecoder,44,1,46,Permutations,Medium,Backtracking,4.5,5,9,2,67.71147672459561,A,9,11,34.86917501586544,1.0,34.86917501586544,1.937176389770302,0.011623058338621813,5.56,3,1,0,0,4,0,0,0,0,0,8,0,0,False,False
code_samples_n5/problem_044_permutations/vibecoder_run2.py,vibecoder,44,2,46,Permutations,Medium,Backtracking,4.5,5,9,2,67.71147672459561,A,9,11,34.86917501586544,1.0,34.86917501586544,1.937176389770302,0.011623058338621813,5.56,3,1,0,0,4,0,0,0,0,0,8,0,0,False,False
code_samples_n5/problem_044_permutations/vibecoder_run3.py,vibecoder,44,3,46,Permutations,Medium,Backtracking,4.5,5,9,2,67.71147672459561,A,9,11,34.86917501586544,1.0,34.86917501586544,1.937176389770302,0.011623058338621813,5.56,3,1,0,0,4,0,0,0,0,0,8,0,0,False,False
code_samples_n5/problem_044_permutations/vibecoder_run4.py,vibecoder,44,4,46,Permutations,Medium,Backtracking,4.5,5,9,2,67.71147672459561,A,9,11,34.86917501586544,1.0,34.86917501586544,1.937176389770302,0.011623058338621813,5.56,3,1,0,0,4,0,0,0,0,0,8,0,0,False,False
code_samples_n5/problem_044_permutations/vibecoder_run5.py,vibecoder,44,5,46,Permutations,Medium,Backtracking,4.5,5,9,2,67.71147672459561,A,9,11,34.86917501586544,1.0,34.86917501586544,1.937176389770302,0.011623058338621813,5.56,3,1,0,0,4,0,0,0,0,0,8,0,0,False,False
code_samples_n5/problem_044_permutations/senior_run1.py,senior,44,1,46,Permutations,Medium,Backtracking,3.3333333333333335,4,10,3,81.73981890662135,A,9,12,38.03910001730775,1.0,38.03910001730775,2.1132833342948754,0.012679700005769252,3.0,13,1,0,0,14,0,0,0,0,0,45,15,6,True,True
code_samples_n5/problem_044_permutations/senior_run2.py,senior,44,2,46,Permutations,Medium,Backtracking,3.3333333333333335,4,10,3,83.14228557082507,A,10,13,43.18506523353572,1.7142857142857142,74.03154040034694,4.11286335557483,0.014395021744511906,3.0,13,1,0,0,14,0,0,0,0,0,45,15,6,True,True
code_samples_n5/problem_044_permutations/senior_run3.py,senior,44,3,46,Permutations,Medium,Backtracking,3.0,4,9,3,82.22177659354182,A,10,11,36.541209043760986,1.5,54.81181356564148,3.0451007536467487,0.012180403014586996,3.33,11,1,0,0,12,0,0,0,0,0,42,12,6,True,True
code_samples_n5/problem_044_permutations/senior_run4.py,senior,44,4,46,Permutations,Medium,Backtracking,3.0,4,9,3,79.92865244055663,A,10,11,36.541209043760986,1.5,54.81181356564148,3.0451007536467487,0.012180403014586996,3.89,10,1,0,0,11,0,0,0,0,0,40,12,6,True,True
code_samples_n5/problem_044_permutations/senior_run5.py,senior,44,5,46,Permutations,Medium,Backtracking,3.3333333333333335,4,10,3,84.72931595682324,A,10,13,43.18506523353572,1.7142857142857142,74.03154040034694,4.11286335557483,0.014395021744511906,2.5,14,1,0,0,15,0,0,0,0,0,48,15,6,True,True
code_samples_n5/problem_045_subsets/vibecoder_run1.py,vibecoder,45,1,78,Subsets,Medium,Backtracking,1.5,2,3,2,65.48610192711043,A,5,9,20.89735285398626,2.0,41.79470570797252,2.321928094887362,0.0069657842846620865,8.46,1,1,0,0,2,0,0,0,0,0,13,0,0,False,False
code_samples_n5/problem_045_subsets/vibecoder_run2.py,vibecoder,45,2,78,Subsets,Medium,Backtracking,4.5,5,9,2,67.69291899960024,A,7,9,25.26619429851844,1.2,30.319433158222125,1.6844129532345624,0.008422064766172813,7.0,2,1,0,0,3,0,0,0,0,0,10,0,0,False,False
code_samples_n5/problem_045_subsets/vibecoder_run3.py,vibecoder,45,3,78,Subsets,Medium,Backtracking,4.5,5,9,2,67.69291899960024,A,7,9,25.26619429851844,1.2,30.319433158222125,1.6844129532345624,0.008422064766172813,7.0,2,1,0,0,3,0,0,0,0,0,10,0,0,False,False
code_samples_n5/problem_045_subsets/vibecoder_run4.py,vibecoder,45,4,78,Subsets,Medium,Backtracking,4.5,5,9,2,67.69291899960024,A,7,9,25.26619429851844,1.2,30.319433158222125,1.6844129532345624,0.008422064766172813,7.0,2,1,0,0,3,0,0,0,0,0,10,0,0,False,False
code_samples_n5/problem_045_subsets/vibecoder_run5.py,vibecoder,45,5,78,Subsets,Medium,Backtracking,4.5,5,9,2,67.69291899960024,A,7,9,25.26619429851844,1.2,30.319433158222125,1.6844129532345624,0.008422064766172813,7.0,2,1,0,0,3,0,0,0,0,0,10,0,0,False,False
code_samples_n5/problem_045_subsets/senior_run1.py,senior,45,1,78,Subsets,Medium,Backtracking,2.3333333333333335,3,7,3,92.10118104135631,A,5,5,11.60964047443681,1.0,11.60964047443681,0.6449800263576005,0.0038698801581456034,0.0,14,1,0,0,15,0,0,0,0,0,48,11,5,True,True
code_samples_n5/problem_045_subsets/senior_run2.py,senior,45,2,78,Subsets,Medium,Backtracking,2.3333333333333335,3,7,3,91.91411852538893,A,5,5,11.60964047443681,1.0,11.60964047443681,0.6449800263576005,0.0038698801581456034,0.0,15,1,0,0,16,0,0,0,0,0,49,12,5,True,True
code_samples_n5/problem_045_subsets/senior_run3.py,senior,45,3,78,Subsets,Medium,Backtracking,3.3333333333333335,4,10,3,90.2955900605941,A,6,7,18.094737505048094,1.0,18.094737505048094,1.0052631947248942,0.006031579168349364,0.62,14,1,0,0,15,0,0,0,0,0,47,12,3,True,True
code_samples_n5/problem_045_subsets/senior_run4.py,senior,45,4,78,Subsets,Medium,Backtracking,2.3333333333333335,3,7,3,91.91411852538893,A,5,5,11.60964047443681,1.0,11.60964047443681,0.6449800263576005,0.0038698801581456034,0.0,15,1,0,0,16,0,0,0,0,0,49,13,5,True,True
code_samples_n5/problem_045_subsets/senior_run5.py,senior,45,5,78,Subsets,Medium,Backtracking,2.3333333333333335,3,7,3,86.77372878656746,A,5,5,11.60964047443681,1.0,11.60964047443681,0.6449800263576005,0.0038698801581456034,3.75,9,1,0,0,10,0,0,0,0,0,37,12,5,True,True
code_samples_n5/problem_046_word_search/vibecoder_run1.py,vibecoder,46,1,79,Word Search,Medium,Backtracking,3.5,4,7,2,57.68066771375906,A,26,53,249.1233050614779,6.815789473684211,1697.9720002874415,94.33177779374675,0.08304110168715931,7.14,3,1,0,0,4,0,0,0,0,0,12,0,0,False,False
code_samples_n5/problem_046_word_search/vibecoder_run2.py,vibecoder,46,2,79,Word Search,Medium,Backtracking,3.5,4,7,2,57.68066771375906,A,26,53,249.1233050614779,6.815789473684211,1697.9720002874415,94.33177779374675,0.08304110168715931,7.14,3,1,0,0,4,0,0,0,0,0,12,0,0,False,False
code_samples_n5/problem_046_word_search/vibecoder_run3.py,vibecoder,46,3,79,Word Search,Medium,Backtracking,3.5,4,7,2,57.68066771375906,A,26,53,249.1233050614779,6.815789473684211,1697.9720002874415,94.33177779374675,0.08304110168715931,7.14,3,1,0,0,4,0,0,0,0,0,12,0,0,False,False
code_samples_n5/problem_046_word_search/vibecoder_run4.py,vibecoder,46,4,79,Word Search,Medium,Backtracking,3.5,4,7,2,57.68066771375906,A,26,53,249.1233050614779,6.815789473684211,1697.9720002874415,94.33177779374675,0.08304110168715931,7.14,3,1,0,0,4,0,0,0,0,0,12,0,0,False,False
code_samples_n5/problem_046_word_search/vibecoder_run5.py,vibecoder,46,5,79,Word Search,Medium,Backtracking,3.5,4,7,2,57.68066771375906,A,26,53,249.1233050614779,6.815789473684211,1697.9720002874415,94.33177779374675,0.08304110168715931,7.14,3,1,0,0,4,0,0,0,0,0,12,0,0,False,False
code_samples_n5/problem_046_word_search/senior_run1.py,senior,46,1,79,Word Search,Medium,Backtracking,8.333333333333334,9,25,3,76.17308673164712,A,30,46,225.71696739799185,5.454545454545454,1231.183458534501,68.3990810296945,0.07523898913266396,4.24,14,1,4,0,19,0,0,0,0,0,58,17,7,True,True
code_samples_n5/problem_046_word_search/senior_run2.py,senior,46,2,79,Word Search,Medium,Backtracking,7.5,8,15,2,75.69765335075331,A,37,50,260.4726682814475,5.7407407407407405,1495.3060586527542,83.0725588140419,0.0868242227604825,5.62,13,1,0,0,14,0,0,0,0,0,59,17,8,True,True
code_samples_n5/problem_046_word_search/senior_run3.py,senior,46,3,79,Word Search,Medium,Backtracking,6.5,7,26,4,73.53568263874287,A,36,51,263.6661750735579,5.5,1450.1639629045685,80.56466460580936,0.0878887250245193,1.94,26,3,0,0,29,0,0,0,0,0,89,22,9,True,True
code_samples_n5/problem_046_word_search/senior_run4.py,senior,46,4,79,Word Search,Medium,Backtracking,5.5,7,22,4,72.50492494888714,A,36,48,248.15640006923098,5.769230769230769,1431.671538860948,79.5373077144971,0.082718800023077,2.81,18,3,2,0,23,0,0,0,0,0,73,19,7,True,True
code_samples_n5/problem_046_word_search/senior_run5.py,senior,46,5,79,Word Search,Medium,Backtracking,8.5,9,17,2,77.11026904513662,A,37,54,281.3104817439633,5.785714285714286,1627.5820729472161,90.42122627484534,0.0937701605813211,5.36,11,2,0,0,13,0,0,0,0,0,55,14,6,True,True
code_samples_n5/problem_047_sudoku_solver/vibecoder_run1.py,vibecoder,47,1,37,Sudoku Solver,Hard,Backtracking,1.5,2,3,2,54.15270402841349,A,20,33,142.62362713128297,3.6666666666666665,522.9532994813709,29.05296108229838,0.04754120904376099,7.2,4,3,0,0,7,0,0,0,0,0,25,2,0,False,False
code_samples_n5/problem_047_sudoku_solver/vibecoder_run2.py,vibecoder,47,2,37,Sudoku Solver,Hard,Backtracking,1.5,2,3,2,56.966057979919874,A,26,40,188.0175887256437,4.973684210526316,935.1401123459647,51.9522284636647,0.06267252957521456,5.29,6,2,0,0,8,0,0,0,0,0,16,2,0,False,False
code_samples_n5/problem_047_sudoku_solver/vibecoder_run3.py,vibecoder,47,3,37,Sudoku Solver,Hard,Backtracking,1.5,2,3,2,56.966057979919874,A,26,40,188.0175887256437,4.973684210526316,935.1401123459647,51.9522284636647,0.06267252957521456,5.29,6,2,0,0,8,0,0,0,0,0,16,2,0,False,False
code_samples_n5/problem_047_sudoku_solver/vibecoder_run4.py,vibecoder,47,4,37,Sudoku Solver,Hard,Backtracking,1.5,2,3,2,56.966057979919874,A,26,40,188.0175887256437,4.973684210526316,935.1401123459647,51.9522284636647,0.06267252957521456,5.29,6,2,0,0,8,0,0,0,0,0,16,2,0,False,False
code_samples_n5/problem_047_sudoku_solver/vibecoder_run5.py,vibecoder,47,5,37,Sudoku Solver,Hard,Backtracking,1.5,2,3,2,56.966057979919874,A,26,40,188.0175887256437,4.973684210526316,935.1401123459647,51.9522284636647,0.06267252957521456,5.29,6,2,0,0,8,0,0,0,0,0,16,2,0,False,False
code_samples_n5/problem_047_sudoku_solver/senior_run1.py,senior,47,1,37,Sudoku Solver,Hard,Backtracking,3.7,7,37,10,61.66067220274925,A,43,56,303.8708262633175,5.606060606060606,1703.518268445871,94.63990380254839,0.10129027542110583,5.48,26,1,1,0,28,0,0,0,0,0,140,39,0,True,True
code_samples_n5/problem_047_sudoku_solver/senior_run2.py,senior,47,2,37,Sudoku Solver,Hard,Backtracking,3.0,8,30,10,59.87826740041626,A,35,48,246.20558481335837,6.2,1526.474625842822,84.80414588015678,0.08206852827111946,5.08,29,1,0,0,30,0,0,0,0,0,137,47,4,True,True
code_samples_n5/problem_047_sudoku_solver/senior_run3.py,senior,47,3,37,Sudoku Solver,Hard,Backtracking,2.7777777777777777,5,25,9,61.30807012087156,A,28,36,173.06477719407374,4.0,692.259108776295,38.45883937646083,0.057688259064691244,6.52,15,1,0,0,16,0,0,0,0,0,112,29,0,True,True
code_samples_n5/problem_047_sudoku_solver/senior_run4.py,senior,47,4,37,Sudoku Solver,Hard,Backtracking,3.375,5,27,8,65.16468481039196,A,28,40,192.29419688230416,3.6818181818181817,707.9922703393926,39.33290390774403,0.06409806562743472,5.0,22,1,0,0,23,0,0,0,0,0,112,31,0,True,True
code_samples_n5/problem_047_sudoku_solver/senior_run5.py,senior,47,5,37,Sudoku Solver,Hard,Backtracking,3.125,5,25,8,63.01462421425535,A,27,37,175.93083758004835,4.375,769.6974144127115,42.760967467372865,0.058643612526682785,5.35,19,1,0,0,20,0,0,0,0,0,112,30,5,True,True
code_samples_n5/problem_048_n_queens/vibecoder_run1.py,vibecoder,48,1,51,N-Queens,Hard,Backtracking,1.5,2,3,2,58.87040117431861,A,35,58,297.4984149828081,4.875,1450.3047730411893,80.57248739117718,0.0991661383276027,7.5,2,1,0,0,3,0,0,0,0,0,12,0,0,False,False
code_samples_n5/problem_048_n_queens/vibecoder_run2.py,vibecoder,48,2,51,N-Queens,Hard,Backtracking,1.5,2,3,2,58.87040117431861,A,35,58,297.4984149828081,4.875,1450.3047730411893,80.57248739117718,0.0991661383276027,7.5,2,1,0,0,3,0,0,0,0,0,12,0,0,False,False
code_samples_n5/problem_048_n_queens/vibecoder_run3.py,vibecoder,48,3,51,N-Queens,Hard,Backtracking,1.5,2,3,2,58.87040117431861,A,35,58,297.4984149828081,4.875,1450.3047730411893,80.57248739117718,0.0991661383276027,7.5,2,1,0,0,3,0,0,0,0,0,12,0,0,False,False
code_samples_n5/problem_048_n_queens/vibecoder_run4.py,vibecoder,48,4,51,N-Queens,Hard,Backtracking,1.5,2,3,2,58.87040117431861,A,35,58,297.4984149828081,4.875,1450.3047730411893,80.57248739117718,0.0991661383276027,7.5,2,1,0,0,3,0,0,0,0,0,12,0,0,False,False
code_samples_n5/problem_048_n_queens/vibecoder_run5.py,vibecoder,48,5,51,N-Queens,Hard,Backtracking,1.5,2,3,2,63.92894135414918,A,31,61,302.2059749335994,5.979166666666667,1806.9398917904798,100.38554954391554,0.10073532497786647,2.86,4,1,0,0,5,0,0,0,0,0,6,0,0,False,False
code_samples_n5/problem_048_n_queens/senior_run1.py,senior,48,1,51,N-Queens,Hard,Backtracking,4.0,5,20,5,74.73061905478576,A,23,36,162.84823041805248,4.0588235294117645,660.97222934386,36.72067940799222,0.05428274347268416,4.55,23,1,0,0,24,0,0,0,0,0,105,28,3,True,True
code_samples_n5/problem_048_n_queens/senior_run2.py,senior,48,2,51,N-Queens,Hard,Backtracking,4.0,5,20,5,74.14521760766407,A,26,42,197.4184681619259,4.05,799.5447960557998,44.41915533643332,0.0658061560539753,4.55,23,1,0,0,24,0,0,0,0,0,106,27,3,True,True
code_samples_n5/problem_048_n_queens/senior_run3.py,senior,48,3,51,N-Queens,Hard,Backtracking,3.6,5,18,5,74.82264185238456,A,27,41,194.95038758870223,4.55,887.0242635285952,49.27912575158862,0.06498346252956741,1.9,33,1,0,0,34,0,0,0,0,0,98,27,3,True,True
code_samples_n5/problem_048_n_queens/senior_run4.py,senior,48,4,51,N-Queens,Hard,Backtracking,3.6,5,18,5,73.44883769650343,A,27,41,194.95038758870223,4.55,887.0242635285952,49.27912575158862,0.06498346252956741,4.5,21,1,0,0,22,0,0,0,0,0,81,24,3,True,True
code_samples_n5/problem_048_n_queens/senior_run5.py,senior,48,5,51,N-Queens,Hard,Backtracking,4.0,5,20,5,74.13841671650975,A,26,42,197.4184681619259,4.05,799.5447960557998,44.41915533643332,0.0658061560539753,2.27,33,1,0,0,34,0,0,0,0,0,101,27,3,True,True
code_samples_n5/problem_049_word_search_ii/vibecoder_run1.py,vibecoder,49,1,212,Word Search II,Hard,Backtracking,6.5,7,13,2,50.38751705336478,A,24,33,151.30376252379818,4.323529411764706,654.1662673823039,36.34257041012799,0.05043458750793273,7.65,6,2,0,0,8,0,0,0,0,0,34,4,0,False,False
code_samples_n5/problem_049_word_search_ii/vibecoder_run2.py,vibecoder,49,2,212,Word Search II,Hard,Backtracking,6.5,7,13,2,50.38751705336478,A,24,33,151.30376252379818,4.323529411764706,654.1662673823039,36.34257041012799,0.05043458750793273,7.06,8,2,0,0,10,0,0,0,0,0,34,6,0,False,False
code_samples_n5/problem_049_word_search_ii/vibecoder_run3.py,vibecoder,49,3,212,Word Search II,Hard,Backtracking,6.5,7,13,2,51.256270002918626,A,22,34,151.6206750336681,4.3125,653.8641610826937,36.32578672681632,0.050540225011222704,7.1,7,2,0,0,9,0,0,0,0,0,31,5,0,False,False
code_samples_n5/problem_049_word_search_ii/vibecoder_run4.py,vibecoder,49,4,212,Word Search II,Hard,Backtracking,4.0,7,16,4,50.17737348675946,A,26,33,155.11451069865606,3.8684210526315788,600.0482387553274,33.33601326418486,0.05170483689955202,7.35,7,2,0,0,9,0,0,0,0,0,34,6,0,False,False
code_samples_n5/problem_049_word_search_ii/vibecoder_run5.py,vibecoder,49,5,212,Word Search II,Hard,Backtracking,6.5,7,13,2,50.38751705336478,A,24,33,151.30376252379818,4.323529411764706,654.1662673823039,36.34257041012799,0.05043458750793273,7.06,8,2,0,0,10,0,0,0,0,0,34,6,0,False,False
code_samples_n5/problem_049_word_search_ii/senior_run1.py,senior,49,1,212,Word Search II,Hard,Backtracking,4.333333333333333,12,39,9,66.74209063973946,A,38,59,309.6277232931715,5.896551724137931,1825.7358856252526,101.42977142362514,0.10320924109772384,4.07,27,5,0,0,32,0,0,0,0,0,113,33,12,True,True
code_samples_n5/problem_049_word_search_ii/senior_run2.py,senior,49,2,212,Word Search II,Hard,Backtracking,3.7777777777777777,9,34,9,66.32834477351987,A,36,52,268.8361000750002,5.666666666666667,1523.404567091668,84.63358706064822,0.08961203335833341,3.47,27,5,0,0,32,0,0,0,0,0,116,27,10,True,True
code_samples_n5/problem_049_word_search_ii/senior_run3.py,senior,49,3,212,Word Search II,Hard,Backtracking,3.888888888888889,9,35,9,69.82419688528478,A,36,52,268.8361000750002,5.666666666666667,1523.404567091668,84.63358706064822,0.08961203335833341,3.8,26,5,0,0,31,0,0,0,0,0,101,27,9,True,True
code_samples_n5/problem_049_word_search_ii/senior_run4.py,senior,49,4,212,Word Search II,Hard,Backtracking,3.5,7,35,10,66.6606427154049,A,41,56,300.0229122586127,6.416666666666667,1925.147020326098,106.95261224033878,0.10000763741953755,4.07,27,5,0,0,32,0,0,0,0,0,125,39,11,True,True
code_samples_n5/problem_049_word_search_ii/senior_run5.py,senior,49,5,212,Word Search II,Hard,Backtracking,3.2,6,32,10,67.4848061414766,A,35,45,230.81773576252348,4.846153846153846,1118.5782579260754,62.14323655144863,0.07693924525417449,4.29,27,5,0,0,32,0,0,0,0,0,119,37,8,True,True
code_samples_n5/problem_050_remove_invalid_parentheses/vibecoder_run1.py,vibecoder,50,1,301,Remove Invalid Parentheses,Hard,Backtracking,9.5,10,19,2,50.171620308337495,A,25,37,171.8226790216648,5.647058823529412,970.2927756517543,53.90515420287524,0.057274226340554936,7.42,6,2,0,0,8,0,0,0,0,0,31,4,0,False,False
code_samples_n5/problem_050_remove_invalid_parentheses/vibecoder_run2.py,vibecoder,50,2,301,Remove Invalid Parentheses,Hard,Backtracking,5.5,6,11,2,47.234175510524494,A,38,85,446.07383864270474,5.34375,2383.7070752469535,132.42817084705297,0.14869127954756825,7.27,8,1,0,0,9,0,0,0,0,0,34,5,0,False,False
code_samples_n5/problem_050_remove_invalid_parentheses/vibecoder_run3.py,vibecoder,50,3,301,Remove Invalid Parentheses,Hard,Backtracking,8.5,9,17,2,50.870820286945865,A,20,30,129.65784284662087,4.285714285714286,555.6764693426609,30.87091496348116,0.043219280948873624,7.1,7,2,0,0,9,0,0,0,0,0,32,4,0,False,False
code_samples_n5/problem_050_remove_invalid_parentheses/vibecoder_run4.py,vibecoder,50,4,301,Remove Invalid Parentheses,Hard,Backtracking,7.5,8,15,2,51.90826175643713,A,20,30,129.65784284662087,4.285714285714286,555.6764693426609,30.87091496348116,0.043219280948873624,7.59,6,1,0,0,7,0,0,0,0,0,29,3,0,False,False
code_samples_n5/problem_050_remove_invalid_parentheses/vibecoder_run5.py,vibecoder,50,5,301,Remove Invalid Parentheses,Hard,Backtracking,7.5,8,15,2,51.93793567562268,A,22,32,142.7018117963935,4.9,699.2388778023283,38.84660432235157,0.04756727059879784,7.5,6,1,0,0,7,0,0,0,0,0,28,3,0,False,False
code_samples_n5/problem_050_remove_invalid_parentheses/senior_run1.py,senior,50,1,301,Remove Invalid Parentheses,Hard,Backtracking,7.5,15,30,4,70.4062261481052,A,38,105,551.0323889115764,9.333333333333334,5142.968963174713,285.72049795415074,0.18367746297052545,4.21,18,3,1,0,22,0,0,0,0,0,76,17,7,True,True
code_samples_n5/problem_050_remove_invalid_parentheses/senior_run2.py,senior,50,2,301,Remove Invalid Parentheses,Hard,Backtracking,7.0,13,28,4,70.74521626455974,A,35,95,487.2818866097718,7.875,3837.3448570519527,213.18582539177515,0.1624272955365906,3.95,19,3,1,0,23,0,0,0,0,0,80,17,8,True,True
code_samples_n5/problem_050_remove_invalid_parentheses/senior_run3.py,senior,50,3,301,Remove Invalid Parentheses,Hard,Backtracking,7.0,13,28,4,70.87787624627089,A,34,102,518.9212098075346,7.285714285714286,3780.711671454895,210.03953730304974,0.17297373660251156,3.78,19,3,1,0,23,0,0,0,0,0,75,17,6,True,True
code_samples_n5/problem_050_remove_invalid_parentheses/senior_run4.py,senior,50,4,301,Remove Invalid Parentheses,Hard,Backtracking,6.5,12,26,4,71.27756572655116,A,32,99,495.0,7.615384615384615,3769.6153846153843,209.4230769230769,0.165,3.78,19,3,1,0,23,0,0,0,0,0,77,18,7,True,True
code_samples_n5/problem_050_remove_invalid_parentheses/senior_run5.py,senior,50,5,301,Remove Invalid Parentheses,Hard,Backtracking,7.25,14,29,4,70.90301406229833,A,36,102,527.3323501471158,8.206896551724139,4327.762046034951,240.43122477971949,0.1757774500490386,4.75,16,4,1,0,21,0,0,0,0,0,110,20,12,True,True
